Date,Crop_Type,Crop_Stage,T_Max,T_Min,T_Avg,Humidity,Light_Intensity,GDD_Cumulative,ET0,ETc,Irrigation_Event,Soil_Moisture
2025-06-01,Rice,Vegetative,33.6,24.7,29.1,70.9,71054.0,19.1,4.82,5.06,0,81.8
2025-06-02,Rice,Vegetative,34.4,25.5,30.0,77.9,64770.0,39.1,4.92,5.17,0,79.2
2025-06-03,Rice,Vegetative,30.2,23.5,26.9,85.5,65735.0,56.0,3.99,4.19,0,76.4
2025-06-04,Rice,Vegetative,35.4,25.1,30.3,71.5,60062.0,76.2,5.32,5.59,0,73.2
2025-06-05,Rice,Vegetative,34.4,23.8,29.1,74.3,70781.0,95.3,5.29,5.55,0,70.1
2025-06-06,Rice,Vegetative,34.8,26.0,30.4,70.4,65458.0,115.8,4.94,5.19,0,67.4
2025-06-07,Rice,Vegetative,33.3,24.5,28.9,78.5,71027.0,134.6,4.77,5.0,0,64.6
2025-06-08,Rice,Vegetative,33.5,25.2,29.3,85.3,71638.0,154.0,4.69,4.92,0,61.8
2025-06-09,Rice,Vegetative,32.0,25.0,28.5,71.9,57608.0,172.5,4.24,4.45,0,59.3
2025-06-10,Rice,Vegetative,31.4,23.6,27.5,81.6,62773.0,190.0,4.35,4.57,0,56.4
2025-06-11,Rice,Vegetative,32.8,24.7,28.8,67.8,63275.0,208.7,4.55,4.78,0,53.7
2025-06-12,Rice,Vegetative,32.4,22.0,27.2,77.2,59257.0,226.0,5.01,5.26,0,50.9
2025-06-13,Rice,Vegetative,35.2,26.0,30.6,72.2,70769.0,246.6,5.06,5.32,0,48.3
2025-06-14,Rice,Vegetative,32.7,24.4,28.6,74.9,66126.0,265.1,4.6,4.83,0,45.3
2025-06-15,Rice,Vegetative,33.6,23.8,28.7,74.0,66428.0,283.8,5.01,5.26,0,42.7
2025-06-16,Rice,Vegetative,33.0,25.0,29.0,71.9,70959.0,302.8,4.58,4.81,0,40.2
2025-06-17,Rice,Vegetative,35.4,22.0,28.7,75.4,67552.0,321.6,5.88,6.18,1,85.0
2025-06-18,Rice,Vegetative,33.1,25.4,29.3,74.0,70337.0,340.8,4.49,4.72,0,82.3
2025-06-19,Rice,Vegetative,33.1,24.4,28.8,73.5,67938.0,359.6,4.75,4.99,0,79.6
2025-06-20,Rice,Vegetative,35.5,24.5,30.0,67.0,67172.0,379.6,5.49,5.76,0,76.7
2025-06-21,Rice,Vegetative,34.0,25.8,29.9,78.0,61556.0,399.5,4.74,4.98,0,73.6
2025-06-22,Rice,Vegetative,36.4,25.1,30.7,78.5,62951.0,420.2,5.63,5.91,0,70.1
2025-06-23,Rice,Vegetative,35.6,23.8,29.7,71.5,64924.0,439.9,5.62,5.9,0,67.2
2025-06-24,Rice,Vegetative,35.3,24.2,29.8,75.3,64002.0,459.7,5.48,5.76,0,64.0
2025-06-25,Rice,Flowering,37.3,24.7,31.0,68.0,66905.0,480.7,5.96,7.15,0,60.4
2025-06-26,Rice,Flowering,32.8,24.9,28.8,74.0,61318.0,499.5,4.52,5.43,0,57.4
2025-06-27,Rice,Flowering,32.5,23.8,28.1,82.2,67829.0,517.6,4.69,5.62,0,54.4
2025-06-28,Rice,Flowering,35.8,25.6,30.7,77.8,64695.0,538.3,5.33,6.4,0,51.0
2025-06-29,Rice,Flowering,33.0,25.4,29.2,80.5,60311.0,557.5,4.48,5.38,0,48.0
2025-06-30,Rice,Flowering,33.1,24.9,29.0,77.0,67303.0,576.5,4.62,5.54,0,45.0
2025-07-01,Rice,Flowering,34.6,25.1,29.9,72.0,72638.0,596.4,5.07,6.09,0,41.5
2025-07-02,Rice,Flowering,31.1,25.2,28.1,82.2,57924.0,614.5,3.84,4.61,1,85.0
2025-07-03,Rice,Flowering,34.2,24.3,29.3,78.3,60741.0,633.8,5.11,6.14,0,82.0
2025-07-04,Rice,Flowering,33.1,23.9,28.5,87.2,70886.0,652.3,4.85,5.82,0,78.5
2025-07-05,Rice,Flowering,31.4,24.7,28.0,81.4,67999.0,670.3,4.08,4.89,0,75.8
2025-07-06,Rice,Flowering,37.7,25.7,31.7,69.6,61569.0,692.0,5.9,7.08,0,72.0
2025-07-07,Rice,Flowering,32.6,25.6,29.1,73.1,70708.0,711.1,4.26,5.11,0,69.3
2025-07-08,Rice,Flowering,33.0,24.7,28.9,80.7,64351.0,730.0,4.66,5.59,0,66.0
2025-07-09,Rice,Flowering,34.0,25.8,29.9,74.5,60705.0,749.9,4.71,5.65,0,63.2
2025-07-10,Rice,Flowering,35.0,24.4,29.7,76.6,62596.0,769.6,5.35,6.42,0,59.9
2025-07-11,Rice,Flowering,33.9,23.7,28.8,67.8,70748.0,788.4,5.11,6.14,0,56.7
2025-07-12,Rice,Flowering,33.3,24.7,29.0,79.0,68213.0,807.4,4.74,5.69,0,53.6
2025-07-13,Rice,Flowering,32.2,25.4,28.8,76.4,71263.0,826.2,4.19,5.03,0,50.7
2025-07-14,Rice,Flowering,35.3,25.4,30.4,77.1,73593.0,846.6,5.24,6.29,0,47.0
2025-07-15,Rice,Flowering,33.2,24.8,29.0,80.1,66920.0,865.5,4.68,5.61,0,43.7
2025-07-16,Rice,Flowering,33.0,26.3,29.7,83.0,74038.0,885.2,4.23,5.08,0,40.7
2025-07-17,Rice,Flowering,29.9,25.6,27.8,82.1,67997.0,903.0,3.23,3.88,1,85.0
2025-07-18,Rice,Flowering,32.8,23.5,28.2,71.5,67366.0,921.2,4.83,5.8,0,81.5
2025-07-19,Rice,Flowering,35.0,26.6,30.8,70.7,59526.0,942.0,4.88,5.86,0,78.6
2025-07-20,Rice,Flowering,34.6,23.8,29.2,78.5,58314.0,961.2,5.31,6.37,0,75.2
2025-07-21,Rice,Flowering,31.9,24.1,28.0,78.0,70087.0,979.2,4.43,5.32,0,72.2
2025-07-22,Rice,Flowering,34.5,23.9,29.2,67.5,60883.0,998.3,5.27,6.32,0,68.9
2025-07-23,Rice,Flowering,31.7,25.7,28.7,79.4,58563.0,1017.0,3.94,4.72,0,66.0
2025-07-24,Rice,Flowering,36.0,24.5,30.2,69.9,68158.0,1037.3,5.62,6.74,0,62.3
2025-07-25,Rice,Flowering,36.4,24.5,30.5,81.4,68160.0,1057.7,5.75,6.9,0,58.5
2025-07-26,Rice,Flowering,32.6,27.1,29.8,81.1,59066.0,1077.6,3.88,4.65,0,55.7
2025-07-27,Rice,Flowering,33.9,25.4,29.6,74.6,67266.0,1097.2,4.77,5.73,0,52.8
2025-07-28,Rice,Flowering,33.5,22.8,28.1,78.8,63082.0,1115.3,5.18,6.22,0,49.2
2025-07-29,Rice,Flowering,36.0,25.3,30.7,64.4,70422.0,1136.0,5.49,6.58,0,45.7
2025-07-30,Rice,Flowering,36.7,25.8,31.3,72.2,63548.0,1157.3,5.59,6.71,0,41.9
2025-07-31,Rice,Flowering,34.6,27.3,31.0,70.2,62473.0,1178.2,4.54,5.45,1,85.0
2025-08-01,Rice,Flowering,33.0,23.8,28.4,71.5,65980.0,1196.7,4.84,5.8,0,81.9
2025-08-02,Rice,Flowering,32.1,24.4,28.2,79.3,68435.0,1214.9,4.4,5.27,0,79.3
2025-08-03,Rice,Flowering,35.5,24.3,29.9,64.5,67335.0,1234.8,5.5,6.6,0,75.8
2025-08-04,Rice,Flowering,33.9,22.8,28.3,78.4,66627.0,1253.1,5.29,6.35,0,72.7
2025-08-05,Rice,Flowering,35.4,24.5,30.0,64.8,57503.0,1273.1,5.43,6.51,0,68.9
2025-08-06,Rice,Flowering,35.2,24.7,30.0,72.7,62464.0,1293.1,5.32,6.39,0,65.6
2025-08-07,Rice,Flowering,36.4,25.5,31.0,66.0,62842.0,1314.0,5.57,6.68,0,61.7
2025-08-08,Rice,Flowering,33.6,24.4,29.0,75.0,67736.0,1333.1,4.9,5.88,0,58.6
2025-08-09,Rice,Flowering,32.2,26.2,29.2,83.6,67263.0,1352.3,3.98,4.78,0,55.7
2025-08-10,Rice,Flowering,31.3,24.6,28.0,76.3,70039.0,1370.3,4.08,4.9,0,53.0
2025-08-11,Rice,Flowering,35.7,23.6,29.6,67.4,62207.0,1389.9,5.7,6.84,0,49.7
2025-08-12,Rice,Flowering,32.2,23.9,28.1,80.4,76335.0,1407.9,4.54,5.45,0,46.6
2025-08-13,Rice,Flowering,32.9,25.5,29.2,74.5,60212.0,1427.2,4.41,5.29,0,43.7
2025-08-14,Rice,Flowering,32.7,26.1,29.4,83.9,61308.0,1446.5,4.18,5.02,0,41.2
2025-08-15,Rice,Flowering,34.7,23.9,29.3,60.2,64679.0,1465.8,5.33,6.39,1,85.0
2025-08-16,Rice,Flowering,33.9,25.3,29.6,69.9,62444.0,1485.4,4.8,5.76,0,81.6
2025-08-17,Rice,Flowering,35.5,26.7,31.1,75.6,64783.0,1506.5,5.01,6.01,0,78.3
2025-08-18,Rice,Flowering,35.4,23.7,29.6,73.2,62010.0,1526.0,5.58,6.7,0,75.0
2025-08-19,Rice,Flowering,34.5,24.7,29.6,78.2,67547.0,1545.6,5.13,6.15,0,71.6
2025-08-20,Rice,Flowering,33.3,26.7,30.0,73.9,66072.0,1565.6,4.25,5.1,0,68.7
2025-08-21,Rice,Flowering,34.2,25.3,29.8,71.0,69187.0,1585.4,4.91,5.89,0,65.5
2025-08-22,Rice,Flowering,31.3,25.2,28.2,79.9,63861.0,1603.7,3.93,4.71,0,63.1
2025-08-23,Rice,Flowering,33.9,24.2,29.0,81.3,65985.0,1622.7,5.03,6.04,0,59.7
2025-08-24,Rice,Yielding,32.5,24.5,28.5,84.0,70739.0,1641.2,4.51,4.06,0,57.3
2025-08-25,Rice,Yielding,35.1,25.8,30.5,86.1,63904.0,1661.7,5.07,4.56,0,54.9
2025-08-26,Rice,Yielding,35.9,25.0,30.5,70.4,68809.0,1682.2,5.5,4.95,0,52.0
2025-08-27,Rice,Yielding,34.2,25.3,29.7,63.9,65339.0,1701.9,4.89,4.4,0,49.1
2025-08-28,Rice,Yielding,35.2,25.6,30.4,73.7,60399.0,1722.3,5.16,4.65,0,46.3
2025-08-29,Rice,Yielding,34.8,24.8,29.8,75.6,60221.0,1742.1,5.18,4.66,0,43.9
2025-08-30,Rice,Yielding,32.7,26.6,29.7,81.8,66779.0,1761.7,4.02,3.62,0,41.3
2025-08-31,Rice,Yielding,35.0,26.0,30.5,70.1,69002.0,1782.3,4.98,4.49,1,85.0
2025-09-01,Rice,Yielding,34.9,24.8,29.9,68.5,62412.0,1802.1,5.24,4.71,0,82.4
2025-09-02,Rice,Yielding,34.6,23.8,29.2,72.2,59537.0,1821.3,5.32,4.79,0,79.3
2025-09-03,Rice,Yielding,34.8,25.2,30.0,74.5,69844.0,1841.3,5.1,4.59,0,76.5
2025-09-04,Rice,Yielding,35.5,25.9,30.7,69.6,74129.0,1862.0,5.19,4.67,0,74.2
2025-09-05,Rice,Yielding,32.3,23.3,27.8,81.5,64737.0,1879.8,4.72,4.25,0,71.4
2025-09-06,Rice,Yielding,34.1,23.8,28.9,79.6,69060.0,1898.7,5.17,4.65,0,68.4
2025-09-07,Rice,Yielding,33.8,25.6,29.7,77.1,67340.0,1918.4,4.68,4.21,0,65.8
2025-09-08,Rice,Yielding,33.4,25.5,29.5,81.9,66559.0,1937.9,4.57,4.12,0,63.3
2025-09-09,Rice,Yielding,34.1,25.9,30.0,76.9,70026.0,1957.9,4.72,4.25,0,60.9
2025-09-10,Rice,Yielding,33.1,26.4,29.8,86.7,62685.0,1977.7,4.24,3.82,0,58.5
2025-09-11,Rice,Yielding,31.9,23.2,27.6,84.1,52907.0,1995.3,4.62,4.16,0,56.3
2025-09-12,Rice,Yielding,34.0,26.5,30.2,68.2,63799.0,2015.5,4.53,4.08,0,54.1
2025-09-13,Rice,Yielding,35.1,24.4,29.8,67.6,63754.0,2035.2,5.38,4.84,0,51.6
2025-09-14,Rice,Yielding,34.5,24.4,29.4,67.7,62948.0,2054.7,5.16,4.65,0,49.0
2025-09-15,Rice,Yielding,32.7,25.0,28.8,74.9,69591.0,2073.5,4.46,4.02,0,46.3
2025-09-16,Rice,Yielding,32.1,24.9,28.5,87.0,66039.0,2092.0,4.3,3.87,0,43.7
2025-09-17,Rice,Yielding,33.5,24.0,28.8,78.8,63929.0,2110.8,4.95,4.45,0,41.0
2025-09-18,Rice,Yielding,35.2,25.6,30.4,67.6,64447.0,2131.2,5.13,4.61,1,85.0
2025-09-19,Rice,Yielding,35.9,26.8,31.3,69.7,71604.0,2152.5,5.14,4.63,0,82.1
2025-09-20,Rice,Yielding,31.4,24.9,28.2,70.2,65028.0,2170.7,4.06,3.65,0,79.5
2025-09-21,Rice,Yielding,32.2,26.2,29.2,81.5,71313.0,2189.9,3.97,3.57,0,77.5
2025-09-22,Rice,Yielding,33.5,25.9,29.7,75.3,58982.0,2209.6,4.52,4.07,0,75.3
2025-09-23,Rice,Yielding,32.2,25.3,28.8,75.0,68731.0,2228.4,4.21,3.79,0,72.7
2025-09-24,Rice,Yielding,33.9,24.3,29.1,71.0,73696.0,2247.5,5.02,4.52,0,70.0
2025-09-25,Rice,Yielding,34.3,25.0,29.6,73.5,73942.0,2267.1,4.99,4.5,0,67.1
2025-09-26,Rice,Yielding,32.3,23.2,27.8,81.6,61633.0,2284.9,4.74,4.27,0,64.8
2025-09-27,Rice,Yielding,35.6,25.4,30.5,74.4,65756.0,2305.4,5.31,4.78,0,61.9
2025-09-28,Rice,Yielding,34.3,24.6,29.5,73.4,63689.0,2324.9,5.07,4.56,0,59.3
2025-06-01,Sugarcane,Vegetative,36.1,25.7,30.9,76.3,64813.0,20.9,5.43,2.17,0,83.6
2025-06-02,Sugarcane,Vegetative,32.8,26.0,29.4,72.9,65592.0,40.3,4.23,1.69,0,82.3
2025-06-03,Sugarcane,Vegetative,34.6,26.7,30.7,76.9,64613.0,60.9,4.69,1.88,0,80.6
2025-06-04,Sugarcane,Vegetative,33.9,24.8,29.3,74.5,63453.0,80.3,4.91,1.96,0,79.0
2025-06-05,Sugarcane,Vegetative,34.2,25.4,29.8,62.8,69369.0,100.1,4.87,1.95,0,77.5
2025-06-06,Sugarcane,Vegetative,30.5,22.8,26.6,75.5,72697.0,116.7,4.27,1.71,0,75.9
2025-06-07,Sugarcane,Vegetative,34.4,26.1,30.2,82.9,61997.0,137.0,4.77,1.91,0,74.4
2025-06-08,Sugarcane,Vegetative,33.8,24.1,29.0,82.3,68402.0,155.9,5.04,2.02,0,72.8
2025-06-09,Sugarcane,Vegetative,33.7,26.2,29.9,79.1,59780.0,175.9,4.51,1.8,0,71.2
2025-06-10,Sugarcane,Vegetative,35.7,23.7,29.7,72.0,64635.0,195.6,5.68,2.27,0,69.6
2025-06-11,Sugarcane,Vegetative,32.1,22.9,27.5,76.4,70985.0,213.1,4.73,1.89,0,68.0
2025-06-12,Sugarcane,Vegetative,34.6,25.4,30.0,71.5,64862.0,233.1,4.99,2.0,0,66.1
2025-06-13,Sugarcane,Vegetative,34.0,25.2,29.6,80.8,75498.0,252.7,4.85,1.94,0,64.3
2025-06-14,Sugarcane,Vegetative,29.7,25.5,27.6,70.9,68381.0,270.3,3.23,1.29,0,62.7
2025-06-15,Sugarcane,Vegetative,36.1,25.9,31.0,68.5,67591.0,291.3,5.38,2.15,0,61.0
2025-06-16,Sugarcane,Vegetative,34.5,25.1,29.8,72.9,56744.0,311.1,5.05,2.02,0,59.3
2025-06-17,Sugarcane,Vegetative,35.0,23.7,29.3,78.7,63424.0,330.4,5.48,2.19,0,57.3
2025-06-18,Sugarcane,Vegetative,33.9,24.3,29.1,80.5,67358.0,349.6,5.02,2.01,0,55.7
2025-06-19,Sugarcane,Vegetative,34.5,25.1,29.8,64.9,59970.0,369.3,5.05,2.02,0,54.3
2025-06-20,Sugarcane,Vegetative,33.9,23.2,28.5,71.3,65294.0,387.9,5.24,2.1,0,52.4
2025-06-21,Sugarcane,Vegetative,32.4,25.9,29.1,78.6,67610.0,407.0,4.12,1.65,0,51.1
2025-06-22,Sugarcane,Vegetative,37.3,25.3,31.3,70.1,51802.0,428.3,5.85,2.34,1,85.0
2025-06-23,Sugarcane,Vegetative,35.4,24.0,29.7,77.1,74301.0,448.0,5.54,2.22,0,83.5
2025-06-24,Sugarcane,Vegetative,34.5,25.1,29.8,75.1,70076.0,467.7,5.04,2.02,0,82.1
2025-06-25,Sugarcane,Vegetative,33.5,26.0,29.7,77.5,65254.0,487.5,4.48,1.79,0,80.6
2025-06-26,Sugarcane,Vegetative,33.6,24.8,29.2,74.8,63571.0,506.7,4.79,1.91,0,78.6
2025-06-27,Sugarcane,Vegetative,35.1,24.5,29.8,69.9,58405.0,526.4,5.35,2.14,0,76.7
2025-06-28,Sugarcane,Vegetative,35.5,25.3,30.4,76.5,71166.0,546.9,5.32,2.13,0,74.7
2025-06-29,Sugarcane,Vegetative,35.5,24.9,30.2,72.3,57132.0,567.1,5.41,2.16,0,72.7
2025-06-30,Sugarcane,Vegetative,35.3,27.3,31.3,69.5,66426.0,588.4,4.79,1.92,0,70.8
2025-07-01,Sugarcane,Vegetative,31.1,24.8,27.9,86.1,64754.0,606.4,3.95,1.58,0,69.0
2025-07-02,Sugarcane,Vegetative,32.5,23.9,28.2,77.9,60324.0,624.6,4.65,1.86,0,67.2
2025-07-03,Sugarcane,Vegetative,35.3,26.6,31.0,69.7,59024.0,645.5,4.97,1.99,0,65.9
2025-07-04,Sugarcane,Vegetative,31.7,26.0,28.9,81.9,54668.0,664.4,3.84,1.54,0,64.6
2025-07-05,Sugarcane,Vegetative,34.7,26.8,30.7,70.2,71260.0,685.1,4.7,1.88,0,62.8
2025-07-06,Sugarcane,Vegetative,33.9,25.4,29.7,67.6,63694.0,704.8,4.77,1.91,0,61.5
2025-07-07,Sugarcane,Vegetative,32.6,24.9,28.7,78.3,63546.0,723.5,4.44,1.78,0,59.7
2025-07-08,Sugarcane,Vegetative,30.7,27.1,28.9,80.0,62775.0,742.5,3.05,1.22,0,58.2
2025-07-09,Sugarcane,Vegetative,36.3,25.1,30.7,67.9,69282.0,763.1,5.6,2.24,0,56.2
2025-07-10,Sugarcane,Vegetative,34.7,24.2,29.4,72.8,62345.0,782.6,5.27,2.11,0,54.2
2025-07-11,Sugarcane,Vegetative,31.4,24.1,27.8,82.2,59365.0,800.4,4.25,1.7,0,52.7
2025-07-12,Sugarcane,Vegetative,34.5,24.5,29.5,74.7,63854.0,819.9,5.14,2.06,0,50.7
2025-07-13,Sugarcane,Vegetative,37.4,23.7,30.5,66.7,69023.0,840.4,6.17,2.47,1,85.0
2025-07-14,Sugarcane,Vegetative,34.3,24.6,29.4,77.9,67846.0,859.8,5.08,2.03,0,83.4
2025-07-15,Sugarcane,Vegetative,32.8,27.1,30.0,77.2,63701.0,879.8,3.91,1.56,0,81.7
2025-07-16,Sugarcane,Vegetative,35.4,26.2,30.8,71.5,70945.0,900.6,5.1,2.04,0,80.0
2025-07-17,Sugarcane,Vegetative,36.1,22.8,29.4,74.7,69178.0,920.0,5.94,2.37,0,77.9
2025-07-18,Sugarcane,Vegetative,35.9,25.2,30.6,61.9,60937.0,940.6,5.46,2.18,0,76.5
2025-07-19,Sugarcane,Vegetative,37.7,26.8,32.3,69.8,63650.0,962.8,5.7,2.28,0,74.8
2025-07-20,Sugarcane,Vegetative,32.8,23.3,28.0,87.4,62253.0,980.9,4.87,1.95,0,73.3
2025-07-21,Sugarcane,Vegetative,36.0,27.8,31.9,69.8,71200.0,1002.8,4.92,1.97,0,71.7
2025-07-22,Sugarcane,Vegetative,32.2,25.8,29.0,81.6,70323.0,1021.8,4.09,1.63,0,70.5
2025-07-23,Sugarcane,Vegetative,34.2,24.6,29.4,73.5,71300.0,1041.2,5.04,2.02,0,69.0
2025-07-24,Sugarcane,Vegetative,34.8,24.8,29.8,67.3,61918.0,1061.0,5.2,2.08,0,66.9
2025-07-25,Sugarcane,Vegetative,32.9,25.5,29.2,77.0,57166.0,1080.2,4.39,1.76,0,65.3
2025-07-26,Sugarcane,Vegetative,32.4,23.9,28.2,82.0,70624.0,1098.4,4.62,1.85,0,63.6
2025-07-27,Sugarcane,Vegetative,34.7,24.3,29.5,72.8,64301.0,1117.8,5.26,2.11,0,61.8
2025-07-28,Sugarcane,Vegetative,32.4,26.1,29.2,83.4,72837.0,1137.1,4.09,1.64,0,60.1
2025-07-29,Sugarcane,Vegetative,36.6,24.4,30.5,67.6,67937.0,1157.6,5.83,2.33,0,58.5
2025-07-30,Sugarcane,Vegetative,32.7,24.7,28.7,76.3,72585.0,1176.3,4.55,1.82,0,57.0
2025-07-31,Sugarcane,Vegetative,34.2,24.5,29.3,76.6,73290.0,1195.6,5.06,2.03,0,55.5
2025-08-01,Sugarcane,Vegetative,32.6,25.2,28.9,78.9,68217.0,1214.6,4.37,1.75,0,54.0
2025-08-02,Sugarcane,Vegetative,35.3,25.1,30.2,72.6,74199.0,1234.7,5.29,2.11,0,52.3
2025-08-03,Sugarcane,Vegetative,32.9,25.4,29.1,85.6,68210.0,1253.9,4.45,1.78,0,50.4
2025-08-04,Sugarcane,Vegetative,32.6,24.4,28.5,75.4,55068.0,1272.3,4.57,1.83,1,85.0
2025-08-05,Sugarcane,Vegetative,34.3,23.4,28.8,67.4,58240.0,1291.2,5.32,2.13,0,83.5
2025-08-06,Sugarcane,Vegetative,32.2,25.1,28.7,79.3,56343.0,1309.8,4.28,1.71,0,82.1
2025-08-07,Sugarcane,Vegetative,35.7,24.9,30.3,70.1,62174.0,1330.1,5.44,2.18,0,80.6
2025-08-08,Sugarcane,Vegetative,31.5,25.3,28.4,90.6,62652.0,1348.5,3.97,1.59,0,78.7
2025-08-09,Sugarcane,Vegetative,35.1,26.3,30.7,65.4,73029.0,1369.2,4.97,1.99,0,77.2
2025-08-10,Sugarcane,Vegetative,35.2,26.0,30.6,63.5,65413.0,1389.8,5.07,2.03,0,75.7
2025-08-11,Sugarcane,Vegetative,30.4,25.0,27.7,80.6,61258.0,1407.5,3.63,1.45,0,74.5
2025-08-12,Sugarcane,Vegetative,34.9,25.2,30.1,65.7,67528.0,1427.6,5.15,2.06,0,73.1
2025-08-13,Sugarcane,Flowering,33.1,24.0,28.6,81.6,53018.0,1446.2,4.83,6.04,0,70.1
2025-08-14,Sugarcane,Flowering,32.2,25.7,28.9,74.5,65464.0,1465.1,4.11,5.14,0,67.5
2025-08-15,Sugarcane,Flowering,35.1,24.6,29.8,80.5,70548.0,1484.9,5.31,6.63,0,63.7
2025-08-16,Sugarcane,Flowering,32.5,24.7,28.6,69.4,69514.0,1503.5,4.48,5.6,0,60.6
2025-08-17,Sugarcane,Flowering,32.7,24.5,28.6,78.2,71220.0,1522.1,4.56,5.7,0,57.8
2025-08-18,Sugarcane,Flowering,35.2,24.8,30.0,65.3,72051.0,1542.1,5.34,6.67,0,54.4
2025-08-19,Sugarcane,Flowering,33.1,25.6,29.4,78.8,67764.0,1561.5,4.46,5.57,0,51.5
2025-08-20,Sugarcane,Flowering,33.7,26.2,30.0,69.9,70205.0,1581.5,4.51,5.64,1,85.0
2025-08-21,Sugarcane,Flowering,32.1,24.1,28.1,83.8,66062.0,1599.6,4.49,5.61,0,81.7
2025-08-22,Sugarcane,Flowering,32.0,25.3,28.7,75.6,61555.0,1618.2,4.17,5.21,0,78.5
2025-08-23,Sugarcane,Flowering,34.5,24.1,29.3,66.3,60356.0,1637.6,5.25,6.56,0,74.7
2025-08-24,Sugarcane,Flowering,33.6,24.8,29.2,69.8,72355.0,1656.8,4.79,5.99,0,71.4
2025-08-25,Sugarcane,Flowering,32.0,25.7,28.9,78.0,62766.0,1675.6,4.06,5.08,0,68.8
2025-08-26,Sugarcane,Flowering,33.2,24.8,29.0,73.6,60621.0,1694.6,4.66,5.83,0,65.5
2025-08-27,Sugarcane,Flowering,35.0,25.3,30.2,64.8,52271.0,1714.8,5.17,6.46,0,62.3
2025-08-28,Sugarcane,Flowering,31.8,25.3,28.5,77.4,71485.0,1733.3,4.08,5.1,0,59.3
2025-08-29,Sugarcane,Flowering,33.9,25.2,29.5,80.0,66724.0,1752.9,4.82,6.03,0,56.2
2025-08-30,Sugarcane,Flowering,34.7,25.6,30.2,72.3,71490.0,1773.0,4.99,6.24,0,53.2
2025-08-31,Sugarcane,Flowering,34.1,23.8,28.9,73.2,59024.0,1792.0,5.17,6.46,1,85.0
2025-09-01,Sugarcane,Flowering,33.0,23.8,28.4,75.5,71559.0,1810.4,4.82,6.03,0,81.7
2025-09-02,Sugarcane,Flowering,30.4,25.1,27.8,91.4,66217.0,1828.2,3.6,4.5,0,79.0
2025-09-03,Sugarcane,Flowering,33.0,26.2,29.6,73.5,65401.0,1847.8,4.28,5.35,0,75.8
2025-09-04,Sugarcane,Flowering,30.6,25.2,27.9,90.5,71316.0,1865.6,3.65,4.57,0,73.4
2025-09-05,Sugarcane,Flowering,32.0,24.0,28.0,86.5,64443.0,1883.6,4.48,5.6,0,70.7
2025-09-06,Sugarcane,Flowering,34.3,25.8,30.1,74.0,66170.0,1903.7,4.82,6.02,0,67.4
2025-09-07,Sugarcane,Flowering,32.2,24.6,28.4,86.4,68195.0,1922.1,4.4,5.5,0,64.7
2025-09-08,Sugarcane,Flowering,33.1,24.7,28.9,73.3,65588.0,1941.0,4.66,5.82,0,61.4
2025-09-09,Sugarcane,Flowering,33.9,24.7,29.3,75.8,66038.0,1960.3,4.92,6.14,0,57.8
2025-09-10,Sugarcane,Flowering,35.2,25.9,30.6,79.6,62439.0,1980.8,5.07,6.33,0,54.1
2025-09-11,Sugarcane,Flowering,34.5,25.3,29.9,68.3,59736.0,2000.8,4.99,6.24,0,50.6
2025-09-12,Sugarcane,Flowering,34.5,24.4,29.5,80.3,70816.0,2020.2,5.17,6.46,1,85.0
2025-09-13,Sugarcane,Flowering,31.9,23.4,27.7,83.2,68089.0,2037.9,4.57,5.71,0,82.2
2025-09-14,Sugarcane,Flowering,34.4,26.5,30.5,72.9,69271.0,2058.4,4.66,5.83,0,79.3
2025-09-15,Sugarcane,Flowering,32.8,24.4,28.6,75.1,68400.0,2077.0,4.62,5.77,0,75.9
2025-09-16,Sugarcane,Flowering,32.0,23.1,27.6,82.5,67982.0,2094.5,4.67,5.84,0,72.9
2025-09-17,Sugarcane,Flowering,33.0,24.8,28.9,81.9,67863.0,2113.5,4.63,5.78,0,70.1
2025-09-18,Sugarcane,Flowering,33.2,24.7,28.9,76.3,59672.0,2132.4,4.71,5.89,0,66.9
2025-09-19,Sugarcane,Flowering,35.9,23.2,29.5,66.8,72257.0,2151.9,5.82,7.27,0,62.9
2025-09-20,Sugarcane,Flowering,31.6,24.5,28.0,73.8,74397.0,2170.0,4.24,5.3,0,59.7
2025-09-21,Sugarcane,Flowering,33.0,25.1,29.1,68.6,58403.0,2189.0,4.53,5.67,0,56.5
2025-09-22,Sugarcane,Flowering,33.4,25.9,29.6,72.8,65826.0,2208.6,4.48,5.6,0,53.6
2025-09-23,Sugarcane,Flowering,35.0,23.3,29.1,71.6,69939.0,2227.8,5.53,6.92,0,50.3
2025-09-24,Sugarcane,Flowering,33.8,24.1,29.0,72.5,69819.0,2246.7,5.03,6.29,1,85.0
2025-09-25,Sugarcane,Flowering,39.0,26.8,32.9,61.7,62609.0,2269.6,6.1,7.63,0,80.8
2025-09-26,Sugarcane,Flowering,31.4,23.3,27.3,91.4,65377.0,2286.9,4.44,5.55,0,78.0
2025-09-27,Sugarcane,Flowering,34.5,27.5,31.0,73.3,56927.0,2307.9,4.45,5.56,0,75.2
2025-09-28,Sugarcane,Flowering,34.6,24.8,29.7,76.3,54429.0,2327.6,5.15,6.43,0,71.5
2025-09-29,Sugarcane,Flowering,37.5,26.2,31.8,70.6,66394.0,2349.5,5.75,7.19,0,67.7
2025-09-30,Sugarcane,Flowering,33.9,23.5,28.7,86.6,65416.0,2368.1,5.19,6.49,0,64.5
2025-10-01,Sugarcane,Flowering,35.8,26.0,30.9,67.0,69524.0,2389.1,5.24,6.55,0,61.2
2025-10-02,Sugarcane,Flowering,34.5,25.5,30.0,74.6,77886.0,2409.0,4.92,6.15,0,57.7
2025-10-03,Sugarcane,Flowering,34.4,25.2,29.8,71.4,64232.0,2428.8,4.97,6.21,0,54.7
2025-10-04,Sugarcane,Flowering,32.8,25.5,29.2,73.3,59797.0,2448.0,4.37,5.46,0,51.4
2025-10-05,Sugarcane,Flowering,34.6,24.7,29.6,71.0,70411.0,2467.6,5.15,6.43,1,85.0
2025-10-06,Sugarcane,Flowering,34.7,25.7,30.2,69.7,70853.0,2487.8,4.96,6.21,0,81.5
2025-10-07,Sugarcane,Flowering,34.5,24.5,29.5,74.2,61984.0,2507.3,5.17,6.47,0,77.9
2025-10-08,Sugarcane,Flowering,35.5,24.8,30.1,78.7,61523.0,2527.4,5.41,6.77,0,74.4
2025-10-09,Sugarcane,Flowering,33.3,27.1,30.2,75.3,64221.0,2547.6,4.11,5.14,0,71.4
2025-10-10,Sugarcane,Flowering,34.1,25.9,30.0,74.1,62149.0,2567.6,4.75,5.94,0,67.9
2025-10-11,Sugarcane,Flowering,35.3,23.8,29.5,72.4,59684.0,2587.1,5.54,6.93,0,64.4
2025-10-12,Sugarcane,Flowering,35.4,24.2,29.8,75.5,61079.0,2606.9,5.5,6.88,0,60.7
2025-10-13,Sugarcane,Flowering,33.4,26.6,30.0,64.7,66348.0,2626.9,4.31,5.39,0,57.8
2025-10-14,Sugarcane,Flowering,34.6,23.3,28.9,75.8,58050.0,2645.9,5.42,6.77,0,54.4
2025-10-15,Sugarcane,Flowering,34.4,24.5,29.4,74.7,69411.0,2665.3,5.13,6.42,0,50.8
2025-10-16,Sugarcane,Flowering,34.0,24.4,29.2,75.9,69940.0,2684.5,5.03,6.28,1,85.0
2025-10-17,Sugarcane,Flowering,33.6,25.2,29.4,80.3,60744.0,2703.9,4.71,5.89,0,81.6
2025-10-18,Sugarcane,Flowering,31.5,25.2,28.4,80.3,67845.0,2722.3,3.99,4.99,0,78.9
2025-10-19,Sugarcane,Flowering,35.7,25.7,30.7,71.5,65410.0,2743.0,5.3,6.63,0,75.6
2025-10-20,Sugarcane,Flowering,34.6,25.1,29.8,77.4,62319.0,2762.8,5.09,6.36,0,71.9
2025-10-21,Sugarcane,Flowering,32.8,24.0,28.4,79.4,67548.0,2781.2,4.73,5.91,0,68.6
2025-10-22,Sugarcane,Flowering,32.7,25.2,29.0,78.9,60780.0,2800.2,4.41,5.52,0,65.5
2025-10-23,Sugarcane,Flowering,35.5,25.6,30.5,65.1,70473.0,2820.7,5.25,6.57,0,62.4
2025-10-24,Sugarcane,Flowering,31.4,26.0,28.7,85.9,69399.0,2839.4,3.74,4.67,0,59.3
2025-10-25,Sugarcane,Flowering,35.2,26.0,30.6,77.6,61214.0,2860.0,5.06,6.33,0,56.3
2025-10-26,Sugarcane,Flowering,30.8,24.3,27.5,77.1,65867.0,2877.6,3.99,4.99,0,53.8
2025-10-27,Sugarcane,Flowering,35.9,24.6,30.3,74.2,74441.0,2897.8,5.56,6.95,0,50.5
2025-10-28,Sugarcane,Flowering,36.8,24.7,30.7,72.3,72144.0,2918.6,5.83,7.28,1,85.0
2025-10-29,Sugarcane,Flowering,33.7,24.8,29.3,83.0,67137.0,2937.8,4.85,6.07,0,82.0
2025-10-30,Sugarcane,Flowering,34.9,23.2,29.0,74.0,62461.0,2956.8,5.52,6.9,0,78.3
2025-10-31,Sugarcane,Flowering,36.0,24.6,30.3,81.6,75033.0,2977.1,5.59,6.99,0,74.4
2025-11-01,Sugarcane,Flowering,32.3,25.1,28.7,82.9,71755.0,2995.8,4.3,5.38,0,71.2
2025-11-02,Sugarcane,Flowering,36.0,26.6,31.3,76.3,70387.0,3017.1,5.2,6.5,0,67.6
2025-11-03,Sugarcane,Flowering,34.8,24.4,29.6,76.1,64378.0,3036.7,5.28,6.6,0,64.2
2025-11-04,Sugarcane,Flowering,33.1,25.8,29.5,81.8,66167.0,3056.2,4.42,5.53,0,61.4
2025-11-05,Sugarcane,Flowering,34.0,24.9,29.5,77.0,54617.0,3075.6,4.91,6.14,0,58.2
2025-11-06,Sugarcane,Flowering,32.4,25.9,29.2,77.8,65866.0,3094.8,4.13,5.16,0,55.0
2025-11-07,Sugarcane,Flowering,35.1,24.8,29.9,77.7,63202.0,3114.7,5.28,6.6,0,51.5
2025-11-08,Sugarcane,Flowering,36.4,26.8,31.6,66.1,61120.0,3136.4,5.28,6.6,1,85.0
2025-11-09,Sugarcane,Flowering,33.8,24.8,29.3,79.3,66735.0,3155.6,4.87,6.09,0,81.4
2025-11-10,Sugarcane,Flowering,34.9,24.1,29.5,75.7,61185.0,3175.2,5.37,6.71,0,77.8
2025-11-11,Sugarcane,Flowering,33.9,26.4,30.2,75.9,63835.0,3195.3,4.53,5.67,0,74.9
2025-11-12,Sugarcane,Flowering,34.0,24.0,29.0,72.8,67463.0,3214.3,5.1,6.37,0,71.2
2025-11-13,Sugarcane,Flowering,36.6,25.6,31.1,81.5,65551.0,3235.4,5.62,7.02,0,67.7
2025-11-14,Sugarcane,Flowering,34.2,25.0,29.6,68.9,58430.0,3255.0,4.96,6.2,0,64.2
2025-11-15,Sugarcane,Flowering,33.6,25.2,29.4,79.6,61882.0,3274.4,4.71,5.89,0,60.9
2025-11-16,Sugarcane,Flowering,33.9,24.1,29.0,70.1,74495.0,3293.4,5.04,6.3,0,57.7
2025-11-17,Sugarcane,Flowering,32.7,23.3,28.0,70.2,72457.0,3311.4,4.85,6.06,0,54.5
2025-11-18,Sugarcane,Flowering,32.0,26.7,29.3,87.7,67864.0,3330.8,3.76,4.7,0,51.6
2025-11-19,Sugarcane,Flowering,32.5,25.1,28.8,70.8,63814.0,3349.6,4.37,5.46,1,85.0
2025-11-20,Sugarcane,Flowering,34.0,23.3,28.7,70.1,69775.0,3368.2,5.26,6.58,0,81.6
2025-11-21,Sugarcane,Flowering,34.4,25.1,29.7,72.3,63334.0,3388.0,5.02,6.27,0,78.2
2025-11-22,Sugarcane,Flowering,35.0,26.6,30.8,72.5,65931.0,3408.8,4.88,6.1,0,74.6
2025-11-23,Sugarcane,Flowering,33.6,24.6,29.1,72.5,69270.0,3427.9,4.85,6.07,0,71.2
2025-11-24,Sugarcane,Flowering,34.7,26.8,30.8,69.7,64356.0,3448.6,4.71,5.89,0,67.9
2025-11-25,Sugarcane,Flowering,35.6,25.1,30.4,69.4,63708.0,3469.0,5.4,6.75,0,64.2
2025-11-26,Sugarcane,Flowering,36.8,23.5,30.1,60.4,58321.0,3489.2,6.03,7.54,0,60.3
2025-11-27,Sugarcane,Flowering,34.1,24.3,29.2,82.4,68864.0,3508.3,5.06,6.33,0,56.7
2025-11-28,Sugarcane,Flowering,33.3,25.7,29.5,78.3,60846.0,3527.8,4.5,5.62,0,53.5
2025-11-29,Sugarcane,Flowering,35.1,24.2,29.6,72.6,67065.0,3547.4,5.4,6.75,0,50.1
2025-11-30,Sugarcane,Flowering,31.6,25.6,28.6,83.9,68065.0,3566.0,3.89,4.87,1,85.0
2025-12-01,Sugarcane,Flowering,33.9,25.6,29.8,71.7,75892.0,3585.8,4.72,5.9,0,81.6
2025-12-02,Sugarcane,Flowering,33.5,25.9,29.7,77.4,66252.0,3605.5,4.51,5.64,0,78.4
2025-12-03,Sugarcane,Flowering,33.5,25.0,29.2,82.6,69325.0,3624.8,4.71,5.89,0,75.1
2025-12-04,Sugarcane,Flowering,34.3,25.7,30.0,77.1,63461.0,3644.7,4.84,6.05,0,71.7
2025-12-05,Sugarcane,Flowering,32.4,24.0,28.2,84.0,67410.0,3663.0,4.6,5.75,0,68.7
2025-12-06,Sugarcane,Flowering,33.5,26.3,29.9,74.1,60724.0,3682.9,4.41,5.51,0,65.8
2025-12-07,Sugarcane,Flowering,33.9,25.5,29.7,69.9,67819.0,3702.6,4.75,5.94,0,62.4
2025-12-08,Sugarcane,Flowering,33.5,25.4,29.4,71.5,57877.0,3722.0,4.62,5.78,0,59.4
2025-12-09,Sugarcane,Flowering,37.2,26.0,31.6,69.7,63365.0,3743.6,5.71,7.14,0,56.0
2025-12-10,Sugarcane,Flowering,35.7,25.3,30.5,62.1,63115.0,3764.1,5.37,6.71,0,52.6
2025-12-11,Sugarcane,Flowering,32.5,24.5,28.5,71.7,61310.0,3782.6,4.52,5.65,1,85.0
2025-12-12,Sugarcane,Flowering,34.1,24.1,29.1,68.3,70875.0,3801.7,5.11,6.39,0,81.9
2025-12-13,Sugarcane,Flowering,34.5,24.6,29.6,70.7,63214.0,3821.3,5.14,6.42,0,78.8
2025-12-14,Sugarcane,Flowering,34.3,25.1,29.7,76.6,58581.0,3840.9,4.96,6.2,0,75.4
2025-12-15,Sugarcane,Flowering,34.3,24.2,29.3,66.9,66662.0,3860.2,5.16,6.45,0,71.8
2025-12-16,Sugarcane,Flowering,32.5,23.2,27.9,74.4,71942.0,3878.1,4.82,6.02,0,68.4
2025-12-17,Sugarcane,Flowering,38.2,25.1,31.6,74.3,59112.0,3899.7,6.19,7.73,0,64.2
2025-12-18,Sugarcane,Flowering,31.9,25.8,28.9,79.1,66080.0,3918.6,3.99,4.98,0,61.7
2025-12-19,Sugarcane,Flowering,35.1,26.2,30.6,70.6,61177.0,3939.2,4.99,6.24,0,58.1
2025-12-20,Sugarcane,Flowering,31.4,25.3,28.3,64.9,72205.0,3957.5,3.94,4.92,0,55.2
2025-12-21,Sugarcane,Flowering,33.7,27.4,30.6,75.5,74148.0,3978.1,4.17,5.22,0,52.4
2025-12-22,Sugarcane,Flowering,34.1,23.7,28.9,75.1,60319.0,3997.0,5.19,6.49,1,85.0
2025-12-23,Sugarcane,Flowering,35.0,21.5,28.2,69.5,54026.0,4015.2,5.84,7.3,0,80.9
2025-12-24,Sugarcane,Flowering,31.8,25.9,28.8,85.0,66670.0,4034.0,3.9,4.88,0,77.8
2025-12-25,Sugarcane,Flowering,34.9,25.7,30.3,72.1,69543.0,4054.3,5.02,6.28,0,74.6
2025-12-26,Sugarcane,Flowering,35.4,25.0,30.2,64.0,56318.0,4074.5,5.33,6.66,0,71.0
2025-12-27,Sugarcane,Flowering,35.2,24.3,29.8,71.8,61136.0,4094.3,5.42,6.77,0,67.7
2025-12-28,Sugarcane,Flowering,32.7,25.9,29.3,86.5,66038.0,4113.6,4.24,5.3,0,64.9
2025-12-29,Sugarcane,Flowering,34.7,26.6,30.7,71.9,64533.0,4134.3,4.77,5.96,0,61.8
2025-12-30,Sugarcane,Flowering,32.0,25.0,28.5,82.9,61955.0,4152.8,4.21,5.27,0,59.2
2025-12-31,Sugarcane,Flowering,33.6,25.1,29.4,74.3,59225.0,4172.1,4.73,5.91,0,56.3
2026-01-01,Sugarcane,Flowering,34.4,23.3,28.8,62.7,73031.0,4191.0,5.36,6.7,0,53.0
2026-01-02,Sugarcane,Flowering,34.6,25.0,29.8,69.3,60143.0,4210.8,5.09,6.37,1,85.0
2026-01-03,Sugarcane,Flowering,34.0,25.3,29.7,68.7,67070.0,4230.5,4.84,6.05,0,81.9
2026-01-04,Sugarcane,Flowering,33.0,24.7,28.9,70.2,67256.0,4249.3,4.65,5.81,0,78.6
2026-01-05,Sugarcane,Flowering,33.0,24.0,28.5,75.0,53188.0,4267.8,4.8,6.0,0,75.1
2026-01-06,Sugarcane,Flowering,32.7,26.8,29.7,67.7,70379.0,4287.6,4.0,5.0,0,72.1
2026-01-07,Sugarcane,Flowering,33.9,24.5,29.2,70.1,65769.0,4306.8,4.98,6.23,0,68.6
2026-01-08,Sugarcane,Flowering,33.5,24.4,29.0,75.3,64040.0,4325.7,4.85,6.07,0,65.3
2026-01-09,Sugarcane,Flowering,33.8,23.4,28.6,82.4,73033.0,4344.3,5.16,6.45,0,62.2
2026-01-10,Sugarcane,Flowering,34.7,26.7,30.7,67.6,70541.0,4365.0,4.74,5.92,0,59.1
2026-01-11,Sugarcane,Flowering,34.0,25.3,29.6,80.8,63453.0,4384.6,4.83,6.04,0,56.0
2026-01-12,Sugarcane,Flowering,33.2,26.1,29.7,79.6,60920.0,4404.3,4.36,5.45,0,52.9
2026-01-13,Sugarcane,Flowering,36.1,24.8,30.4,71.6,67035.0,4424.8,5.6,7.0,1,85.0
2026-01-14,Sugarcane,Flowering,33.6,22.3,28.0,64.6,62329.0,4442.7,5.29,6.62,0,81.4
2026-01-15,Sugarcane,Flowering,34.7,23.8,29.2,65.1,65922.0,4462.0,5.35,6.69,0,78.2
2026-01-16,Sugarcane,Flowering,30.7,26.3,28.5,84.7,65439.0,4480.4,3.34,4.17,0,75.6
2026-01-17,Sugarcane,Flowering,34.7,23.5,29.1,65.4,75195.0,4499.5,5.42,6.78,0,71.8
2026-01-18,Sugarcane,Flowering,35.4,23.7,29.5,77.1,65344.0,4519.1,5.59,6.99,0,68.5
2026-01-19,Sugarcane,Flowering,30.9,24.0,27.4,77.0,70591.0,4536.5,4.08,5.1,0,65.7
2026-01-20,Sugarcane,Flowering,31.1,25.7,28.4,77.0,71252.0,4554.9,3.7,4.62,0,63.1
2026-01-21,Sugarcane,Flowering,33.6,23.7,28.6,76.4,65799.0,4573.6,5.05,6.31,0,59.4
2026-01-22,Sugarcane,Flowering,34.1,25.1,29.6,75.6,69429.0,4593.2,4.93,6.16,0,56.2
2026-01-23,Sugarcane,Flowering,36.1,24.1,30.1,73.8,66669.0,4613.3,5.74,7.18,0,52.6
2026-01-24,Sugarcane,Flowering,35.1,24.1,29.6,73.9,65564.0,4632.8,5.43,6.78,1,85.0
2026-01-25,Sugarcane,Flowering,33.8,25.4,29.6,73.7,60509.0,4652.4,4.75,5.94,0,81.7
2026-01-26,Sugarcane,Flowering,32.8,25.7,29.2,80.4,65872.0,4671.7,4.34,5.42,0,78.5
2026-01-27,Sugarcane,Flowering,33.7,24.7,29.2,68.3,56851.0,4690.8,4.88,6.1,0,75.1
2026-01-28,Sugarcane,Flowering,32.5,24.0,28.2,85.9,59844.0,4709.1,4.64,5.8,0,71.8
2026-01-29,Sugarcane,Flowering,35.5,26.9,31.2,73.6,63463.0,4730.2,4.95,6.19,0,68.5
2026-01-30,Sugarcane,Flowering,34.8,24.2,29.5,78.5,55382.0,4749.7,5.32,6.64,0,64.9
2026-01-31,Sugarcane,Flowering,33.5,24.5,29.0,74.1,54666.0,4768.7,4.84,6.04,0,61.4
2026-02-01,Sugarcane,Flowering,35.3,25.7,30.5,70.2,70562.0,4789.2,5.14,6.43,0,57.9
2026-02-02,Sugarcane,Flowering,36.0,25.9,30.9,61.8,62214.0,4810.2,5.35,6.68,0,54.0
2026-02-03,Sugarcane,Flowering,32.7,26.3,29.5,77.7,74484.0,4829.7,4.15,5.19,0,50.8
2026-02-04,Sugarcane,Flowering,33.9,27.5,30.7,70.3,58943.0,4850.3,4.24,5.31,1,85.0
2026-02-05,Sugarcane,Flowering,32.1,25.9,29.0,76.4,62670.0,4869.3,4.02,5.03,0,81.8
2026-02-06,Sugarcane,Flowering,33.3,24.0,28.7,78.2,68814.0,4888.0,4.88,6.1,0,78.8
2026-02-07,Sugarcane,Flowering,33.3,25.9,29.6,71.3,64485.0,4907.6,4.44,5.55,0,75.8
2026-02-08,Sugarcane,Flowering,34.3,24.6,29.5,80.3,69181.0,4927.1,5.09,6.36,0,72.3
2026-02-09,Sugarcane,Flowering,33.4,23.5,28.4,79.9,75746.0,4945.5,5.01,6.26,0,68.7
2026-02-10,Sugarcane,Flowering,34.2,23.9,29.1,73.9,70697.0,4964.6,5.19,6.49,0,65.4
2026-02-11,Sugarcane,Flowering,35.5,23.9,29.7,86.2,59396.0,4984.3,5.58,6.97,0,62.1
2026-02-12,Sugarcane,Yielding,32.7,25.4,29.0,80.1,63736.0,5003.3,4.37,3.28,0,60.1
2026-02-13,Sugarcane,Yielding,34.3,24.4,29.4,74.6,68328.0,5022.7,5.12,3.84,0,57.5
2026-02-14,Sugarcane,Yielding,36.0,23.7,29.8,61.2,67806.0,5042.5,5.77,4.33,0,55.1
2026-02-15,Sugarcane,Yielding,33.9,25.5,29.7,70.7,65515.0,5062.3,4.75,3.56,0,53.0
2026-02-16,Sugarcane,Yielding,35.0,25.0,30.0,76.9,65098.0,5082.2,5.2,3.9,0,50.4
2026-02-17,Sugarcane,Yielding,33.4,25.8,29.6,80.6,63394.0,5101.9,4.51,3.38,1,85.0
2026-02-18,Sugarcane,Yielding,35.4,24.8,30.1,66.3,62416.0,5122.0,5.38,4.03,0,82.8
2026-02-19,Sugarcane,Yielding,35.9,25.0,30.4,76.5,54655.0,5142.4,5.49,4.12,0,80.1
2026-02-20,Sugarcane,Yielding,33.6,25.6,29.6,75.5,63473.0,5162.0,4.62,3.46,0,77.8
2026-02-21,Sugarcane,Yielding,31.6,24.9,28.3,82.7,69181.0,5180.3,4.1,3.08,0,76.1
2026-02-22,Sugarcane,Yielding,34.3,25.1,29.7,73.4,73834.0,5200.0,4.94,3.71,0,73.5
2026-02-23,Sugarcane,Yielding,33.8,24.8,29.3,78.6,67629.0,5219.3,4.88,3.66,0,71.0
2026-02-24,Sugarcane,Yielding,34.4,24.1,29.2,71.2,65616.0,5238.6,5.2,3.9,0,68.6
2026-02-25,Sugarcane,Yielding,35.8,24.8,30.3,79.0,58644.0,5258.8,5.51,4.13,0,66.2
2026-02-26,Sugarcane,Yielding,28.4,27.2,27.8,83.4,59842.0,5276.6,1.77,1.33,0,64.5
2026-02-27,Sugarcane,Yielding,34.3,24.4,29.4,75.1,73317.0,5296.0,5.14,3.86,0,62.3
2026-02-28,Sugarcane,Yielding,33.9,25.3,29.6,73.3,59784.0,5315.6,4.81,3.61,0,60.3
2026-03-01,Sugarcane,Yielding,33.7,27.3,30.5,76.8,67040.0,5336.1,4.23,3.17,0,58.2
2026-03-02,Sugarcane,Yielding,32.8,23.9,28.4,69.6,63867.0,5354.5,4.75,3.56,0,55.9
2026-03-03,Sugarcane,Yielding,33.0,24.9,29.0,73.6,66767.0,5373.4,4.59,3.44,0,53.5
2026-03-04,Sugarcane,Yielding,34.5,24.6,29.6,71.7,66240.0,5393.0,5.13,3.85,0,51.3
2026-03-05,Sugarcane,Yielding,32.9,24.2,28.6,77.8,63609.0,5411.6,4.71,3.53,1,85.0
2026-03-06,Sugarcane,Yielding,35.6,24.7,30.1,59.9,67989.0,5431.7,5.46,4.09,0,82.6
2026-03-07,Sugarcane,Yielding,35.0,23.0,29.0,71.9,66231.0,5450.7,5.6,4.2,0,79.8
2026-03-08,Sugarcane,Yielding,34.6,25.0,29.8,76.2,64914.0,5470.5,5.09,3.82,0,77.3
2026-03-09,Sugarcane,Yielding,33.3,25.6,29.5,74.8,68337.0,5490.0,4.54,3.4,0,75.4
2026-03-10,Sugarcane,Yielding,34.5,24.5,29.5,68.8,64463.0,5509.5,5.15,3.86,0,72.9
2026-03-11,Sugarcane,Yielding,35.0,26.2,30.6,72.9,81709.0,5530.1,4.96,3.72,0,70.6
2026-03-12,Sugarcane,Yielding,34.4,25.2,29.8,71.5,61928.0,5549.9,4.97,3.72,0,68.0
2026-03-13,Sugarcane,Yielding,35.3,24.4,29.8,74.7,72443.0,5569.7,5.43,4.07,0,65.7
2026-03-14,Sugarcane,Yielding,32.3,25.7,29.0,72.6,60764.0,5588.7,4.12,3.09,0,63.5
2026-03-15,Sugarcane,Yielding,32.7,25.1,28.9,71.0,72019.0,5607.6,4.45,3.34,0,61.5
2026-03-16,Sugarcane,Yielding,34.9,24.2,29.6,68.1,71607.0,5627.2,5.35,4.02,0,59.2
2026-03-17,Sugarcane,Yielding,34.9,24.2,29.5,70.7,63456.0,5646.7,5.34,4.01,0,56.7
2026-03-18,Sugarcane,Yielding,34.2,24.3,29.3,76.9,68508.0,5666.0,5.12,3.84,0,54.0
2026-03-19,Sugarcane,Yielding,36.3,23.8,30.1,71.9,64418.0,5686.1,5.83,4.37,0,51.7
2026-03-20,Sugarcane,Yielding,33.4,27.5,30.5,81.3,63760.0,5706.6,4.06,3.04,1,85.0
2026-03-21,Sugarcane,Yielding,36.0,25.2,30.6,74.2,66972.0,5727.2,5.51,4.13,0,82.6
2026-03-22,Sugarcane,Yielding,32.7,25.8,29.3,79.8,58396.0,5746.4,4.26,3.2,0,80.4
2026-03-23,Sugarcane,Yielding,32.5,24.6,28.6,71.9,54122.0,5765.0,4.48,3.36,0,78.2
2026-03-24,Sugarcane,Yielding,33.2,23.5,28.3,72.5,69421.0,5783.3,4.96,3.72,0,76.1
2026-03-25,Sugarcane,Yielding,34.1,24.5,29.3,79.9,61388.0,5802.6,5.04,3.78,0,73.6
2026-03-26,Sugarcane,Yielding,33.9,25.2,29.6,67.7,61958.0,5822.1,4.83,3.62,0,71.2
2026-03-27,Sugarcane,Yielding,33.0,23.9,28.4,75.0,66922.0,5840.6,4.81,3.61,0,69.1
2026-03-28,Sugarcane,Yielding,34.9,26.7,30.8,63.0,57636.0,5861.4,4.82,3.62,0,66.5
2026-03-29,Sugarcane,Yielding,35.0,24.8,29.9,77.4,62802.0,5881.3,5.28,3.96,0,64.2
2026-03-30,Sugarcane,Yielding,34.0,25.4,29.7,83.3,61396.0,5901.0,4.81,3.61,0,61.7
2026-03-31,Sugarcane,Yielding,34.1,27.5,30.8,76.6,62849.0,5921.8,4.29,3.22,0,59.4
2026-04-01,Sugarcane,Yielding,32.2,25.6,28.9,81.5,61043.0,5940.7,4.16,3.12,0,57.1
2026-04-02,Sugarcane,Yielding,36.3,26.5,31.4,70.4,68088.0,5962.1,5.31,3.99,0,54.9
2026-04-03,Sugarcane,Yielding,36.3,25.3,30.8,67.3,71405.0,5982.9,5.58,4.18,0,52.3
2026-04-04,Sugarcane,Yielding,33.2,26.8,30.0,66.1,68952.0,6002.9,4.15,3.11,0,50.4
2026-04-05,Sugarcane,Yielding,34.2,25.2,29.7,78.8,71057.0,6022.6,4.91,3.68,1,85.0
2026-04-06,Sugarcane,Yielding,33.0,23.7,28.4,73.6,68457.0,6041.0,4.86,3.65,0,82.4
2026-04-07,Sugarcane,Yielding,35.5,25.8,30.7,77.4,74068.0,6061.6,5.2,3.9,0,80.0
2026-04-08,Sugarcane,Yielding,33.4,25.0,29.2,77.3,73430.0,6080.8,4.72,3.54,0,78.0
2026-04-09,Sugarcane,Yielding,33.4,25.4,29.4,72.7,64847.0,6100.2,4.62,3.46,0,75.7
2026-04-10,Sugarcane,Yielding,35.6,23.9,29.8,69.3,72898.0,6120.0,5.61,4.21,0,73.4
2026-04-11,Sugarcane,Yielding,33.5,26.4,30.0,78.9,61125.0,6139.9,4.41,3.3,0,71.0
2026-04-12,Sugarcane,Yielding,32.1,25.3,28.7,88.0,66682.0,6158.6,4.19,3.14,0,69.2
2026-04-13,Sugarcane,Yielding,35.4,25.1,30.3,78.2,69703.0,6178.9,5.31,3.98,0,67.1
2026-04-14,Sugarcane,Yielding,32.9,26.6,29.8,77.4,67779.0,6198.6,4.12,3.09,0,65.1
2026-04-15,Sugarcane,Yielding,35.1,23.8,29.4,74.1,74004.0,6218.1,5.47,4.1,0,62.8
2026-04-16,Sugarcane,Yielding,35.2,24.2,29.7,72.3,66229.0,6237.8,5.43,4.07,0,60.6
2026-04-17,Sugarcane,Yielding,32.0,25.2,28.6,75.3,59477.0,6256.4,4.19,3.14,0,58.2
2026-04-18,Sugarcane,Yielding,32.1,25.6,28.8,79.9,66927.0,6275.2,4.12,3.09,0,56.2
2026-04-19,Sugarcane,Yielding,35.9,24.5,30.2,67.6,69458.0,6295.4,5.59,4.19,0,53.5
2026-04-20,Sugarcane,Yielding,37.0,24.6,30.8,73.6,57497.0,6316.2,5.9,4.43,0,50.7
2026-04-21,Sugarcane,Yielding,32.3,25.4,28.9,77.5,65726.0,6335.0,4.22,3.17,1,85.0
2026-04-22,Sugarcane,Yielding,31.4,24.1,27.8,73.8,59690.0,6352.8,4.25,3.19,0,82.8
2026-04-23,Sugarcane,Yielding,32.2,24.4,28.3,84.5,57913.0,6371.1,4.44,3.33,0,80.3
2026-04-24,Sugarcane,Yielding,34.4,26.7,30.6,69.9,61416.0,6391.7,4.63,3.48,0,78.2
2026-04-25,Sugarcane,Yielding,35.2,23.0,29.1,66.6,73362.0,6410.8,5.66,4.25,0,75.8
2026-04-26,Sugarcane,Yielding,33.1,24.3,28.7,76.9,57471.0,6429.5,4.75,3.56,0,73.5
2026-04-27,Sugarcane,Yielding,33.9,25.7,29.8,76.1,65203.0,6449.3,4.69,3.52,0,71.1
2026-04-28,Sugarcane,Yielding,36.1,24.0,30.1,66.7,65171.0,6469.3,5.74,4.31,0,68.8
2026-04-29,Sugarcane,Yielding,33.4,23.8,28.6,78.1,55401.0,6488.0,4.96,3.72,0,66.6
2026-04-30,Sugarcane,Yielding,33.6,24.1,28.8,66.8,68461.0,6506.8,4.98,3.73,0,64.5
2026-05-01,Sugarcane,Yielding,34.4,24.6,29.5,76.2,68778.0,6526.3,5.09,3.82,0,62.1
2026-05-02,Sugarcane,Yielding,35.5,24.7,30.1,65.4,55115.0,6546.4,5.42,4.07,0,59.5
2026-05-03,Sugarcane,Yielding,35.3,26.1,30.7,69.5,70215.0,6567.1,5.08,3.81,0,57.0
2026-05-04,Sugarcane,Yielding,36.0,24.4,30.2,68.6,63056.0,6587.3,5.63,4.22,0,54.2
2026-05-05,Sugarcane,Yielding,36.3,25.0,30.6,69.8,72373.0,6607.9,5.61,4.2,0,51.3
2026-05-06,Sugarcane,Yielding,38.3,24.3,31.3,62.9,70782.0,6629.2,6.34,4.75,1,85.0
2026-05-07,Sugarcane,Yielding,34.5,24.5,29.5,76.3,78157.0,6648.7,5.17,3.87,0,82.6
2026-05-08,Sugarcane,Yielding,32.4,25.1,28.7,83.6,60794.0,6667.5,4.36,3.27,0,80.6
2026-05-09,Sugarcane,Yielding,34.5,26.6,30.5,73.4,66711.0,6688.0,4.68,3.51,0,78.1
2026-05-10,Sugarcane,Yielding,32.0,24.9,28.5,79.2,65577.0,6706.5,4.24,3.18,0,75.7
2026-05-11,Sugarcane,Yielding,33.1,24.6,28.8,78.1,58735.0,6725.3,4.67,3.51,0,73.4
2026-05-12,Sugarcane,Yielding,33.8,24.3,29.1,80.2,62203.0,6744.4,4.97,3.73,0,71.1
2026-05-13,Sugarcane,Yielding,31.8,24.9,28.4,75.5,68455.0,6762.7,4.19,3.15,0,69.1
2026-05-14,Sugarcane,Yielding,33.5,25.1,29.3,78.3,64182.0,6782.0,4.73,3.55,0,66.7
2026-05-15,Sugarcane,Yielding,34.8,23.5,29.1,65.7,68340.0,6801.2,5.46,4.09,0,64.4
2026-05-16,Sugarcane,Yielding,32.4,23.8,28.1,83.8,71206.0,6819.3,4.66,3.49,0,62.1
2026-05-17,Sugarcane,Yielding,34.5,25.7,30.1,67.8,69919.0,6839.4,4.9,3.67,0,60.0
2026-05-18,Sugarcane,Yielding,35.6,25.5,30.5,74.1,76387.0,6859.9,5.28,3.96,0,57.8
2026-05-19,Sugarcane,Yielding,33.2,25.8,29.5,78.0,71401.0,6879.4,4.43,3.32,0,55.8
2026-05-20,Sugarcane,Yielding,34.1,25.6,29.8,82.4,63304.0,6899.2,4.78,3.59,0,53.6
2026-05-21,Sugarcane,Yielding,31.9,24.0,28.0,78.1,65836.0,6917.2,4.44,3.33,0,51.7
2026-05-22,Sugarcane,Yielding,33.8,25.9,29.9,67.0,71900.0,6937.1,4.62,3.47,1,85.0
2026-05-23,Sugarcane,Yielding,36.8,25.4,31.1,62.1,68420.0,6958.2,5.7,4.28,0,82.2
2026-05-24,Sugarcane,Yielding,35.0,25.1,30.1,70.9,64667.0,6978.3,5.17,3.88,0,79.5
2026-05-25,Sugarcane,Yielding,30.8,25.1,28.0,85.7,59199.0,6996.2,3.74,2.81,0,77.7
2026-05-26,Sugarcane,Yielding,35.7,24.3,30.0,73.7,73419.0,7016.2,5.56,4.17,0,75.2
2026-05-27,Sugarcane,Yielding,33.6,24.0,28.8,83.3,59872.0,7035.1,4.99,3.74,0,72.6
2026-05-28,Sugarcane,Yielding,34.3,23.5,28.9,78.5,67633.0,7054.0,5.29,3.97,0,70.5
2026-05-29,Sugarcane,Yielding,32.8,23.4,28.1,69.9,61360.0,7072.1,4.85,3.64,0,68.5
2026-05-30,Sugarcane,Yielding,34.0,25.8,29.9,70.5,63874.0,7092.0,4.73,3.55,0,66.1
2026-05-31,Sugarcane,Yielding,35.4,24.2,29.8,62.0,75332.0,7111.7,5.48,4.11,0,63.6
2025-06-01,Cotton,Vegetative,33.9,25.7,29.8,80.8,64366.0,14.8,4.7,1.64,0,83.6
2025-06-02,Cotton,Vegetative,33.7,26.2,29.9,81.6,65505.0,29.7,4.51,1.58,0,81.9
2025-06-03,Cotton,Vegetative,37.1,24.8,31.0,67.7,67167.0,45.7,5.9,2.07,0,79.9
2025-06-04,Cotton,Vegetative,32.3,25.7,29.0,68.7,68778.0,59.7,4.14,1.45,0,78.5
2025-06-05,Cotton,Vegetative,35.6,23.9,29.8,73.8,65865.0,74.5,5.61,1.96,0,77.1
2025-06-06,Cotton,Vegetative,31.1,22.6,26.9,83.6,69365.0,86.4,4.49,1.57,0,75.4
2025-06-07,Cotton,Vegetative,33.0,25.6,29.3,81.0,59679.0,100.7,4.42,1.55,0,74.0
2025-06-08,Cotton,Vegetative,32.9,24.9,28.9,80.9,66020.0,114.6,4.56,1.6,0,72.8
2025-06-09,Cotton,Vegetative,33.4,24.5,28.9,76.4,54505.0,128.5,4.81,1.68,0,71.6
2025-06-10,Cotton,Vegetative,36.9,25.3,31.1,71.0,67841.0,144.6,5.74,2.01,0,69.9
2025-06-11,Cotton,Vegetative,34.5,26.9,30.7,65.9,64357.0,160.3,4.6,1.61,0,68.8
2025-06-12,Cotton,Vegetative,35.2,25.6,30.4,76.9,57948.0,175.7,5.16,1.81,0,67.5
2025-06-13,Cotton,Vegetative,33.4,26.5,30.0,76.2,64140.0,190.7,4.31,1.51,0,66.4
2025-06-14,Cotton,Vegetative,35.9,25.9,30.9,75.3,66761.0,206.6,5.32,1.86,0,64.6
2025-06-15,Cotton,Vegetative,34.2,24.0,29.1,69.8,65243.0,220.7,5.18,1.81,0,62.8
2025-06-16,Cotton,Vegetative,33.3,23.7,28.5,75.1,73251.0,234.2,4.95,1.73,0,61.2
2025-06-17,Cotton,Vegetative,34.5,25.0,29.8,71.7,68759.0,249.0,5.06,1.77,0,59.7
2025-06-18,Cotton,Vegetative,32.6,25.6,29.1,73.2,68846.0,263.1,4.29,1.5,0,58.0
2025-06-19,Cotton,Vegetative,33.3,23.3,28.3,75.2,64007.0,276.4,5.02,1.76,0,56.5
2025-06-20,Cotton,Vegetative,34.3,25.8,30.0,88.9,66846.0,291.4,4.81,1.68,0,55.2
2025-06-21,Cotton,Vegetative,32.5,24.1,28.3,73.8,69366.0,304.7,4.62,1.62,0,53.6
2025-06-22,Cotton,Vegetative,33.9,24.9,29.4,74.1,58979.0,319.1,4.89,1.71,0,52.1
2025-06-23,Cotton,Vegetative,34.1,25.5,29.8,69.2,62836.0,333.9,4.82,1.69,0,50.5
2025-06-24,Cotton,Vegetative,35.6,24.0,29.8,75.3,61876.0,348.7,5.6,1.96,0,49.2
2025-06-25,Cotton,Vegetative,33.8,24.7,29.3,68.8,70466.0,362.9,4.9,1.71,0,47.4
2025-06-26,Cotton,Vegetative,36.8,25.0,30.9,68.6,61945.0,378.8,5.77,2.02,0,45.4
2025-06-27,Cotton,Vegetative,33.9,24.0,28.9,73.1,67292.0,392.8,5.06,1.77,0,43.5
2025-06-28,Cotton,Vegetative,32.9,25.1,29.0,72.1,68723.0,406.8,4.5,1.58,0,41.8
2025-06-29,Cotton,Vegetative,33.7,25.1,29.4,67.6,65040.0,421.2,4.76,1.67,0,40.0
2025-06-30,Cotton,Vegetative,32.0,25.5,28.8,85.5,62280.0,434.9,4.1,1.44,0,38.7
2025-07-01,Cotton,Flowering,32.8,24.2,28.5,73.7,68448.0,448.5,4.69,5.4,0,35.5
2025-07-02,Cotton,Flowering,32.1,24.9,28.5,81.3,66631.0,462.0,4.27,4.91,0,32.8
2025-07-03,Cotton,Flowering,30.9,26.9,28.9,81.4,63056.0,475.9,3.23,3.72,0,30.5
2025-07-04,Cotton,Flowering,33.5,24.7,29.1,84.3,73100.0,490.0,4.79,5.51,1,85.0
2025-07-05,Cotton,Flowering,35.7,24.5,30.1,71.7,59512.0,505.1,5.52,6.35,0,81.5
2025-07-06,Cotton,Flowering,33.6,23.2,28.4,70.5,66892.0,518.5,5.15,5.92,0,78.1
2025-07-07,Cotton,Flowering,31.3,25.2,28.2,73.2,70839.0,531.8,3.93,4.52,0,75.2
2025-07-08,Cotton,Flowering,33.5,25.5,29.5,73.6,61793.0,546.3,4.62,5.31,0,72.6
2025-07-09,Cotton,Flowering,36.8,24.7,30.7,69.4,60269.0,562.0,5.83,6.71,0,68.8
2025-07-10,Cotton,Flowering,31.3,25.5,28.4,81.1,55733.0,575.4,3.85,4.42,0,65.8
2025-07-11,Cotton,Flowering,35.3,25.3,30.3,72.2,72776.0,590.7,5.25,6.04,0,62.2
2025-07-12,Cotton,Flowering,33.7,24.2,29.0,74.8,64806.0,604.7,4.98,5.73,0,59.1
2025-07-13,Cotton,Flowering,35.5,26.1,30.8,75.6,68422.0,620.5,5.14,5.91,0,55.6
2025-07-14,Cotton,Flowering,32.7,26.7,29.7,73.0,74306.0,635.2,4.01,4.61,0,53.0
2025-07-15,Cotton,Flowering,35.3,24.6,30.0,68.5,71266.0,650.2,5.39,6.2,0,49.6
2025-07-16,Cotton,Flowering,31.8,22.6,27.2,74.8,64723.0,662.3,4.71,5.42,0,46.5
2025-07-17,Cotton,Flowering,35.4,23.1,29.2,80.7,65622.0,676.6,5.68,6.53,0,43.1
2025-07-18,Cotton,Flowering,34.1,25.6,29.9,80.1,75321.0,691.5,4.8,5.52,0,40.3
2025-07-19,Cotton,Flowering,34.2,25.3,29.7,71.4,73735.0,706.2,4.89,5.62,0,36.9
2025-07-20,Cotton,Flowering,34.6,24.3,29.4,75.4,59295.0,720.6,5.23,6.01,0,33.8
2025-07-21,Cotton,Flowering,33.7,25.5,29.6,85.6,63773.0,735.2,4.66,5.36,0,30.4
2025-07-22,Cotton,Flowering,33.8,24.1,29.0,69.2,61685.0,749.2,5.03,5.78,1,85.0
2025-07-23,Cotton,Flowering,32.9,24.9,28.9,80.4,67476.0,763.1,4.55,5.24,0,81.9
2025-07-24,Cotton,Flowering,33.4,23.8,28.6,70.0,75246.0,776.7,4.96,5.71,0,79.0
2025-07-25,Cotton,Flowering,33.6,24.9,29.2,70.2,66696.0,790.9,4.79,5.51,0,75.8
2025-07-26,Cotton,Flowering,33.1,23.5,28.3,86.6,62598.0,804.2,4.94,5.68,0,72.3
2025-07-27,Cotton,Flowering,33.0,25.0,29.0,79.3,68478.0,818.2,4.59,5.28,0,69.3
2025-07-28,Cotton,Flowering,33.7,25.8,29.7,73.0,53386.0,833.0,4.63,5.33,0,66.2
2025-07-29,Cotton,Flowering,36.1,24.6,30.3,68.7,62482.0,848.3,5.62,6.47,0,62.9
2025-07-30,Cotton,Flowering,33.9,26.2,30.0,73.4,55651.0,863.3,4.58,5.26,0,60.3
2025-07-31,Cotton,Flowering,33.4,24.1,28.7,85.4,61245.0,877.0,4.9,5.64,0,57.5
2025-08-01,Cotton,Flowering,33.3,24.5,28.9,81.0,75220.0,890.9,4.8,5.52,0,54.1
2025-08-02,Cotton,Flowering,35.3,24.6,29.9,83.4,61508.0,905.9,5.39,6.2,0,50.4
2025-08-03,Cotton,Flowering,34.7,25.5,30.1,86.1,56216.0,921.0,5.02,5.77,0,47.3
2025-08-04,Cotton,Flowering,33.0,25.4,29.2,82.2,61925.0,935.2,4.47,5.14,0,44.1
2025-08-05,Cotton,Flowering,31.3,26.0,28.7,77.9,55520.0,948.8,3.71,4.26,0,41.3
2025-08-06,Cotton,Flowering,31.1,23.7,27.4,75.0,61139.0,961.3,4.24,4.88,0,38.8
2025-08-07,Cotton,Flowering,34.4,26.0,30.2,85.8,65728.0,976.4,4.8,5.51,0,35.7
2025-08-08,Cotton,Flowering,35.0,24.8,29.9,74.2,62791.0,991.3,5.25,6.04,0,32.4
2025-08-09,Cotton,Flowering,32.7,27.1,29.9,69.4,74141.0,1006.2,3.88,4.46,1,85.0
2025-08-10,Cotton,Flowering,31.3,24.6,27.9,77.4,62931.0,1019.1,4.08,4.7,0,82.4
2025-08-11,Cotton,Flowering,34.0,24.1,29.0,75.7,62817.0,1033.1,5.07,5.83,0,78.8
2025-08-12,Cotton,Flowering,34.1,24.7,29.4,82.5,76170.0,1047.5,4.97,5.72,0,75.8
2025-08-13,Cotton,Flowering,32.6,26.3,29.4,72.7,59951.0,1062.0,4.07,4.68,0,73.2
2025-08-14,Cotton,Flowering,34.2,24.2,29.2,64.9,60707.0,1076.2,5.13,5.9,0,70.2
2025-08-15,Cotton,Flowering,33.9,25.0,29.5,89.6,71903.0,1090.6,4.88,5.61,0,67.4
2025-08-16,Cotton,Flowering,31.8,25.0,28.4,89.2,71292.0,1104.0,4.15,4.77,0,64.6
2025-08-17,Cotton,Flowering,34.8,24.2,29.5,80.6,70219.0,1118.5,5.33,6.12,0,61.5
2025-08-18,Cotton,Flowering,32.8,25.4,29.1,77.4,69501.0,1132.7,4.41,5.07,0,58.5
2025-08-19,Cotton,Flowering,35.4,25.4,30.4,71.4,61546.0,1148.1,5.25,6.03,0,55.5
2025-08-20,Cotton,Flowering,35.4,25.8,30.6,64.7,63139.0,1163.7,5.16,5.93,0,52.3
2025-08-21,Cotton,Flowering,35.7,25.6,30.6,80.9,60714.0,1179.3,5.31,6.1,0,48.8
2025-08-22,Cotton,Flowering,35.6,26.6,31.1,73.3,65291.0,1195.4,5.04,5.8,0,45.9
2025-08-23,Cotton,Flowering,31.5,25.2,28.4,86.2,69075.0,1208.8,4.01,4.61,0,43.5
2025-08-24,Cotton,Flowering,37.0,25.1,31.1,70.4,66929.0,1224.8,5.83,6.7,0,39.8
2025-08-25,Cotton,Flowering,33.0,23.8,28.4,73.7,64047.0,1238.2,4.82,5.55,0,36.8
2025-08-26,Cotton,Flowering,34.9,24.1,29.5,75.0,62554.0,1252.7,5.36,6.17,0,33.9
2025-08-27,Cotton,Flowering,32.7,24.4,28.5,80.4,64224.0,1266.2,4.6,5.29,0,31.2
2025-08-28,Cotton,Flowering,33.6,23.0,28.3,85.9,64494.0,1279.5,5.17,5.94,1,85.0
2025-08-29,Cotton,Flowering,34.8,25.0,29.9,70.3,66156.0,1294.4,5.13,5.91,0,81.5
2025-08-30,Cotton,Flowering,31.1,24.1,27.6,70.9,65838.0,1307.0,4.15,4.78,0,78.4
2025-08-31,Cotton,Flowering,34.4,24.1,29.3,75.3,61983.0,1321.3,5.2,5.98,0,75.3
2025-09-01,Cotton,Flowering,34.7,25.2,30.0,71.9,64455.0,1336.3,5.08,5.84,0,71.8
2025-09-02,Cotton,Flowering,36.5,25.6,31.1,61.9,67387.0,1352.3,5.55,6.39,0,68.7
2025-09-03,Cotton,Flowering,35.6,24.2,29.9,63.4,58367.0,1367.2,5.55,6.39,0,65.3
2025-09-04,Cotton,Flowering,32.7,24.7,28.7,87.4,62507.0,1380.9,4.54,5.22,0,62.3
2025-09-05,Cotton,Flowering,34.4,25.0,29.7,71.0,61690.0,1395.6,5.05,5.8,0,59.2
2025-09-06,Cotton,Flowering,33.0,25.8,29.4,77.5,64920.0,1409.9,4.37,5.03,0,56.2
2025-09-07,Cotton,Flowering,33.9,25.1,29.5,61.6,64332.0,1424.4,4.84,5.56,0,53.4
2025-09-08,Cotton,Flowering,33.1,25.9,29.5,73.8,67368.0,1438.9,4.37,5.02,0,50.7
2025-09-09,Cotton,Flowering,34.1,25.0,29.5,71.8,61528.0,1453.4,4.93,5.67,0,47.6
2025-09-10,Cotton,Flowering,32.3,25.4,28.8,80.8,60332.0,1467.2,4.25,4.88,0,45.0
2025-09-11,Cotton,Flowering,34.8,24.5,29.7,71.5,64454.0,1481.9,5.26,6.04,0,41.5
2025-09-12,Cotton,Flowering,34.8,25.6,30.2,61.1,69658.0,1497.1,5.02,5.78,0,38.1
2025-09-13,Cotton,Flowering,35.4,25.1,30.2,66.4,64497.0,1512.3,5.34,6.14,0,35.1
2025-09-14,Cotton,Yielding,33.3,24.9,29.1,80.5,64346.0,1526.4,4.69,3.28,0,32.6
2025-09-15,Cotton,Yielding,32.3,25.5,28.9,74.3,69410.0,1540.3,4.21,2.94,0,30.4
2025-09-16,Cotton,Yielding,37.4,24.8,31.1,64.7,60329.0,1556.4,5.99,4.2,1,85.0
2025-09-17,Cotton,Yielding,31.8,27.6,29.7,87.2,62448.0,1571.1,3.37,2.36,0,82.9
2025-09-18,Cotton,Yielding,31.2,24.7,28.0,83.7,56316.0,1584.1,4.03,2.82,0,81.1
2025-09-19,Cotton,Yielding,32.3,25.5,28.9,72.0,63352.0,1598.0,4.18,2.93,0,79.0
2025-09-20,Cotton,Yielding,34.3,24.7,29.5,84.2,73455.0,1612.5,5.06,3.55,0,76.5
2025-09-21,Cotton,Yielding,34.6,24.8,29.7,72.6,68413.0,1627.2,5.12,3.59,0,73.9
2025-09-22,Cotton,Yielding,33.7,25.4,29.6,62.9,66535.0,1641.7,4.7,3.29,0,71.7
2025-09-23,Cotton,Yielding,36.2,26.1,31.2,68.8,61986.0,1657.9,5.39,3.77,0,69.5
2025-09-24,Cotton,Yielding,33.9,26.1,30.0,70.4,62648.0,1672.9,4.6,3.22,0,67.7
2025-09-25,Cotton,Yielding,33.4,22.4,27.9,81.0,64968.0,1685.8,5.22,3.65,0,65.4
2025-09-26,Cotton,Yielding,35.0,24.2,29.6,77.2,68669.0,1700.4,5.38,3.77,0,62.9
2025-09-27,Cotton,Yielding,32.9,25.8,29.3,78.3,66643.0,1714.7,4.35,3.04,0,61.0
2025-09-28,Cotton,Yielding,35.4,24.4,29.9,80.2,69136.0,1729.6,5.47,3.83,0,58.6
2025-09-29,Cotton,Yielding,33.9,25.1,29.5,80.7,66490.0,1744.1,4.83,3.38,0,56.2
2025-09-30,Cotton,Yielding,36.4,23.3,29.8,65.3,62678.0,1758.9,5.94,4.16,0,53.7
2025-10-01,Cotton,Yielding,33.2,24.2,28.7,71.7,73712.0,1772.6,4.8,3.36,0,51.2
2025-10-02,Cotton,Yielding,33.8,25.8,29.8,69.9,58774.0,1787.4,4.64,3.25,0,49.1
2025-10-03,Cotton,Yielding,35.4,26.3,30.8,69.0,61567.0,1803.3,5.07,3.55,0,47.1
2025-10-04,Cotton,Yielding,32.2,24.1,28.2,76.0,57854.0,1816.5,4.51,3.16,0,44.8
2025-10-05,Cotton,Yielding,34.4,24.3,29.4,66.0,57396.0,1830.9,5.18,3.62,0,42.2
2025-10-06,Cotton,Yielding,32.9,26.1,29.5,78.3,67132.0,1845.3,4.25,2.98,0,40.2
2025-10-07,Cotton,Yielding,35.8,23.3,29.6,75.9,67405.0,1859.9,5.79,4.05,0,37.7
2025-10-08,Cotton,Yielding,33.2,25.5,29.3,75.2,71668.0,1874.2,4.53,3.17,0,35.5
2025-10-09,Cotton,Yielding,35.8,23.0,29.4,63.0,72329.0,1888.6,5.83,4.08,0,33.2
2025-10-10,Cotton,Yielding,33.0,25.9,29.4,84.4,66990.0,1903.1,4.33,3.03,0,30.9
2025-10-11,Cotton,Yielding,32.5,27.6,30.1,77.8,64353.0,1918.2,3.65,2.56,1,85.0
2025-10-12,Cotton,Yielding,37.0,25.2,31.1,82.3,67157.0,1934.2,5.79,4.05,0,82.3
2025-10-13,Cotton,Yielding,31.9,25.1,28.5,80.6,62303.0,1947.7,4.18,2.92,0,80.5
2025-10-14,Cotton,Yielding,35.1,24.5,29.8,76.8,69053.0,1962.5,5.36,3.75,0,78.2
2025-10-15,Cotton,Yielding,32.5,24.7,28.6,78.5,63668.0,1976.1,4.48,3.13,0,76.0
2025-10-16,Cotton,Yielding,33.1,25.7,29.4,74.8,56831.0,1990.5,4.42,3.1,0,74.2
2025-10-17,Cotton,Yielding,34.6,25.6,30.1,70.9,64674.0,2005.5,4.97,3.48,0,72.1
2025-10-18,Cotton,Yielding,33.2,24.1,28.6,71.9,63238.0,2019.2,4.83,3.38,0,70.1
2025-10-19,Cotton,Yielding,34.0,25.6,29.8,87.9,59287.0,2033.9,4.76,3.33,0,67.9
2025-10-20,Cotton,Yielding,35.0,25.4,30.2,70.3,62040.0,2049.1,5.15,3.6,0,65.9
2025-10-21,Cotton,Yielding,36.3,25.0,30.6,67.1,67031.0,2064.8,5.63,3.94,0,63.5
2025-10-22,Cotton,Yielding,34.5,25.5,30.0,71.2,59948.0,2079.8,4.94,3.45,0,61.6
2025-10-23,Cotton,Yielding,33.6,26.7,30.2,74.1,57070.0,2094.9,4.34,3.04,0,59.2
2025-10-24,Cotton,Yielding,35.5,24.8,30.2,79.6,72354.0,2110.1,5.4,3.78,0,56.9
2025-10-25,Cotton,Yielding,35.3,25.2,30.2,66.2,65994.0,2125.3,5.26,3.68,0,54.5
2025-10-26,Cotton,Yielding,34.4,24.9,29.6,63.9,64144.0,2140.0,5.04,3.53,0,52.1
2025-10-27,Cotton,Yielding,30.3,24.0,27.1,83.6,62507.0,2152.1,3.89,2.72,0,50.2
2025-10-28,Cotton,Yielding,33.5,25.6,29.6,76.6,69729.0,2166.7,4.59,3.21,0,48.1
2025-06-01,Groundnut,Vegetative,33.1,24.8,28.9,77.7,64182.0,18.9,4.65,1.86,0,83.4
2025-06-02,Groundnut,Vegetative,33.4,24.9,29.2,79.7,60233.0,38.1,4.74,1.89,0,81.5
2025-06-03,Groundnut,Vegetative,33.1,25.6,29.3,78.2,78860.0,57.4,4.46,1.78,0,79.7
2025-06-04,Groundnut,Vegetative,33.0,25.3,29.1,73.2,64918.0,76.6,4.49,1.8,0,78.2
2025-06-05,Groundnut,Vegetative,32.1,24.5,28.3,76.9,60855.0,94.9,4.37,1.75,0,76.4
2025-06-06,Groundnut,Vegetative,34.9,26.3,30.6,74.5,60451.0,115.5,4.91,1.96,0,75.0
2025-06-07,Groundnut,Vegetative,35.6,23.9,29.8,70.1,58896.0,135.2,5.61,2.24,0,73.3
2025-06-08,Groundnut,Vegetative,32.1,24.1,28.1,71.4,66757.0,153.3,4.48,1.79,0,71.6
2025-06-09,Groundnut,Vegetative,34.6,26.0,30.3,80.8,65527.0,173.6,4.86,1.94,0,70.3
2025-06-10,Groundnut,Vegetative,34.0,24.1,29.1,74.7,60808.0,192.7,5.09,2.03,0,68.5
2025-06-11,Groundnut,Vegetative,35.9,24.1,30.0,70.4,68043.0,212.7,5.65,2.26,0,66.8
2025-06-12,Groundnut,Vegetative,33.6,26.0,29.8,82.9,66606.0,232.6,4.52,1.81,0,65.0
2025-06-13,Groundnut,Vegetative,32.8,26.4,29.6,80.9,70880.0,252.1,4.15,1.66,0,63.7
2025-06-14,Groundnut,Vegetative,34.1,24.0,29.1,77.4,69264.0,271.2,5.12,2.05,0,62.2
2025-06-15,Groundnut,Vegetative,32.9,24.6,28.7,68.9,65590.0,289.9,4.65,1.86,0,60.5
2025-06-16,Groundnut,Vegetative,35.1,25.2,30.1,68.7,68460.0,310.1,5.19,2.08,0,58.8
2025-06-17,Groundnut,Vegetative,32.2,24.5,28.3,86.2,66462.0,328.4,4.43,1.77,0,57.5
2025-06-18,Groundnut,Vegetative,33.8,25.3,29.5,74.6,65872.0,347.9,4.76,1.9,0,55.9
2025-06-19,Groundnut,Vegetative,33.8,26.3,30.0,66.1,64176.0,368.0,4.51,1.8,0,54.7
2025-06-20,Groundnut,Vegetative,32.7,25.3,29.0,74.1,63158.0,387.0,4.4,1.76,0,53.4
2025-06-21,Groundnut,Vegetative,33.7,25.7,29.7,86.0,61764.0,406.7,4.63,1.85,0,51.5
2025-06-22,Groundnut,Vegetative,33.8,24.8,29.3,79.9,53264.0,426.0,4.88,1.95,0,50.0
2025-06-23,Groundnut,Vegetative,33.8,23.8,28.8,76.1,71585.0,444.8,5.08,2.03,0,48.5
2025-06-24,Groundnut,Vegetative,32.4,27.0,29.7,75.7,61913.0,464.5,3.82,1.53,0,47.1
2025-06-25,Groundnut,Flowering,32.7,24.1,28.4,80.0,72498.0,482.9,4.67,5.37,0,44.0
2025-06-26,Groundnut,Flowering,32.5,23.2,27.8,75.8,73069.0,500.7,4.82,5.54,0,40.9
2025-06-27,Groundnut,Flowering,35.6,26.1,30.9,71.5,64028.0,521.6,5.18,5.95,1,85.0
2025-06-28,Groundnut,Flowering,34.8,25.7,30.2,79.3,70689.0,541.8,4.98,5.73,0,81.5
2025-06-29,Groundnut,Flowering,37.6,23.1,30.4,61.1,72396.0,562.2,6.33,7.28,0,77.7
2025-06-30,Groundnut,Flowering,34.0,24.9,29.5,73.6,73870.0,581.6,4.91,5.65,0,74.3
2025-07-01,Groundnut,Flowering,35.0,22.8,28.9,70.9,64591.0,600.6,5.63,6.47,0,70.8
2025-07-02,Groundnut,Flowering,34.6,26.9,30.7,77.1,74611.0,621.3,4.64,5.34,0,68.0
2025-07-03,Groundnut,Flowering,34.6,23.7,29.1,73.7,64610.0,640.5,5.37,6.17,0,64.7
2025-07-04,Groundnut,Flowering,32.2,22.8,27.5,75.6,69197.0,657.9,4.79,5.5,0,61.4
2025-07-05,Groundnut,Flowering,32.6,24.8,28.7,72.3,74328.0,676.7,4.48,5.15,0,58.4
2025-07-06,Groundnut,Flowering,34.9,26.0,30.4,73.7,67390.0,697.1,4.96,5.71,0,55.3
2025-07-07,Groundnut,Flowering,35.5,25.8,30.7,69.3,65165.0,717.7,5.21,5.99,0,52.2
2025-07-08,Groundnut,Flowering,33.8,26.9,30.3,73.6,58816.0,738.1,4.34,5.0,0,49.6
2025-07-09,Groundnut,Flowering,34.0,25.2,29.6,78.2,70239.0,757.7,4.84,5.56,0,46.5
2025-07-10,Groundnut,Flowering,32.1,25.9,29.0,73.1,64477.0,776.7,4.02,4.62,0,43.5
2025-07-11,Groundnut,Flowering,34.3,25.2,29.8,79.0,64140.0,796.5,4.96,5.71,0,40.6
2025-07-12,Groundnut,Flowering,33.4,25.0,29.2,64.6,65595.0,815.7,4.71,5.41,1,85.0
2025-07-13,Groundnut,Flowering,34.4,25.4,29.9,77.7,72103.0,835.6,4.94,5.68,0,81.5
2025-07-14,Groundnut,Flowering,35.9,25.6,30.8,74.0,69232.0,856.3,5.38,6.19,0,78.2
2025-07-15,Groundnut,Flowering,33.0,24.1,28.6,81.0,63131.0,874.9,4.77,5.48,0,75.0
2025-07-16,Groundnut,Flowering,33.4,25.2,29.3,72.6,63545.0,894.2,4.65,5.35,0,72.2
2025-07-17,Groundnut,Flowering,34.1,24.1,29.1,80.6,65200.0,913.4,5.12,5.89,0,69.2
2025-07-18,Groundnut,Flowering,36.4,23.2,29.8,61.7,74087.0,933.2,5.96,6.85,0,65.7
2025-07-19,Groundnut,Flowering,35.6,24.3,30.0,70.8,66304.0,953.1,5.55,6.38,0,62.0
2025-07-20,Groundnut,Flowering,35.6,26.6,31.1,69.4,71322.0,974.2,5.08,5.85,0,58.7
2025-07-21,Groundnut,Flowering,34.9,25.9,30.4,74.3,71162.0,994.7,4.99,5.74,0,55.8
2025-07-22,Groundnut,Flowering,30.6,25.1,27.8,85.1,52252.0,1012.5,3.72,4.27,0,53.5
2025-07-23,Groundnut,Flowering,36.4,24.8,30.6,69.5,71970.0,1033.1,5.7,6.56,0,49.8
2025-07-24,Groundnut,Flowering,32.9,24.2,28.6,82.4,65814.0,1051.7,4.74,5.45,0,47.1
2025-07-25,Groundnut,Flowering,34.5,26.2,30.3,75.8,57498.0,1072.0,4.79,5.51,0,44.3
2025-07-26,Groundnut,Flowering,37.3,22.9,30.1,63.7,67245.0,1092.1,6.26,7.19,0,40.3
2025-07-27,Groundnut,Flowering,32.4,25.8,29.1,79.3,70298.0,1111.2,4.14,4.76,1,85.0
2025-07-28,Groundnut,Flowering,32.2,25.8,29.0,70.7,64823.0,1130.2,4.07,4.68,0,82.3
2025-07-29,Groundnut,Flowering,32.5,26.8,29.6,73.0,68875.0,1149.8,3.92,4.51,0,79.9
2025-07-30,Groundnut,Flowering,33.0,24.7,28.9,75.4,59816.0,1168.7,4.65,5.34,0,76.6
2025-07-31,Groundnut,Flowering,33.8,24.7,29.3,81.9,67871.0,1188.0,4.89,5.62,0,73.3
2025-08-01,Groundnut,Flowering,36.0,25.5,30.8,69.0,63335.0,1208.7,5.43,6.25,0,70.3
2025-08-02,Groundnut,Flowering,32.9,26.3,29.6,81.0,68620.0,1228.4,4.21,4.85,0,67.8
2025-08-03,Groundnut,Flowering,33.3,25.4,29.3,84.7,63670.0,1247.7,4.58,5.27,0,64.8
2025-08-04,Groundnut,Flowering,33.9,24.5,29.2,75.8,58239.0,1266.9,4.98,5.73,0,61.5
2025-08-05,Groundnut,Flowering,32.7,23.5,28.1,73.9,66598.0,1285.0,4.79,5.51,0,58.1
2025-08-06,Groundnut,Flowering,34.7,25.5,30.1,76.0,69049.0,1305.1,5.03,5.79,0,54.8
2025-08-07,Groundnut,Flowering,33.8,24.2,29.0,80.3,64447.0,1324.1,5.02,5.77,0,51.8
2025-08-08,Groundnut,Flowering,33.1,25.2,29.2,82.9,59613.0,1343.3,4.56,5.24,0,48.6
2025-08-09,Groundnut,Flowering,32.8,26.5,29.7,71.4,67142.0,1362.9,4.1,4.71,0,45.6
2025-08-10,Groundnut,Flowering,34.2,26.4,30.3,76.6,61424.0,1383.2,4.63,5.33,0,42.5
2025-08-11,Groundnut,Flowering,32.7,24.3,28.5,80.0,62046.0,1401.7,4.64,5.34,1,85.0
2025-08-12,Groundnut,Flowering,32.5,26.0,29.3,76.2,67467.0,1421.0,4.13,4.75,0,82.5
2025-08-13,Groundnut,Flowering,34.5,24.9,29.7,72.7,63268.0,1440.6,5.08,5.84,0,79.5
2025-08-14,Groundnut,Flowering,34.2,24.0,29.1,87.9,64165.0,1459.8,5.18,5.96,0,76.4
2025-08-15,Groundnut,Flowering,36.4,26.0,31.2,65.4,65425.0,1481.0,5.46,6.28,0,73.2
2025-08-16,Groundnut,Flowering,32.8,24.4,28.6,72.4,71005.0,1499.6,4.65,5.34,0,70.2
2025-08-17,Groundnut,Flowering,34.2,22.5,28.4,72.6,62887.0,1518.0,5.45,6.27,0,67.2
2025-08-18,Groundnut,Flowering,33.5,26.0,29.7,75.2,61752.0,1537.7,4.48,5.15,0,64.6
2025-08-19,Groundnut,Flowering,33.0,23.2,28.1,83.0,73325.0,1555.8,4.96,5.7,0,61.6
2025-08-20,Groundnut,Flowering,36.0,23.5,29.7,65.4,62351.0,1575.6,5.8,6.67,0,58.2
2025-08-21,Groundnut,Flowering,32.8,25.3,29.0,74.3,70668.0,1594.6,4.43,5.1,0,55.1
2025-08-22,Groundnut,Flowering,34.4,23.6,29.0,73.4,59029.0,1613.6,5.31,6.11,0,52.0
2025-08-23,Groundnut,Flowering,31.2,26.2,28.7,80.3,58271.0,1632.4,3.58,4.12,0,49.8
2025-08-24,Groundnut,Yielding,35.7,24.1,29.9,74.4,60886.0,1652.3,5.59,3.36,0,47.4
2025-08-25,Groundnut,Yielding,33.6,23.7,28.6,73.2,62410.0,1670.9,5.03,3.02,0,45.5
2025-08-26,Groundnut,Yielding,34.4,24.8,29.6,83.3,68970.0,1690.5,5.05,3.03,0,43.6
2025-08-27,Groundnut,Yielding,33.8,26.0,29.9,77.0,60252.0,1710.4,4.6,2.76,0,41.5
2025-08-28,Groundnut,Yielding,34.9,24.4,29.6,69.1,66238.0,1730.0,5.3,3.18,1,85.0
2025-08-29,Groundnut,Yielding,34.7,27.0,30.9,82.1,61338.0,1750.9,4.66,2.8,0,83.2
2025-08-30,Groundnut,Yielding,30.0,25.0,27.5,79.6,73315.0,1768.4,3.49,2.09,0,81.4
2025-08-31,Groundnut,Yielding,34.3,25.0,29.6,81.7,64875.0,1788.0,4.98,2.99,0,79.4
2025-09-01,Groundnut,Yielding,33.5,25.8,29.6,81.8,52921.0,1807.6,4.54,2.73,0,77.4
2025-09-02,Groundnut,Yielding,32.8,27.1,29.9,77.0,59421.0,1827.6,3.93,2.36,0,75.5
2025-09-03,Groundnut,Yielding,32.5,26.4,29.5,77.6,67002.0,1847.0,4.0,2.4,0,73.6
2025-09-04,Groundnut,Yielding,35.1,24.0,29.6,74.4,59693.0,1866.6,5.45,3.27,0,71.4
2025-09-05,Groundnut,Yielding,35.8,26.1,31.0,72.0,63606.0,1887.5,5.23,3.14,0,69.6
2025-09-06,Groundnut,Yielding,34.5,26.2,30.3,73.0,62521.0,1907.9,4.78,2.87,0,67.8
2025-09-07,Groundnut,Yielding,36.6,24.1,30.3,63.2,57885.0,1928.2,5.86,3.51,0,65.6
2025-09-08,Groundnut,Yielding,35.2,24.0,29.6,74.0,60868.0,1947.8,5.46,3.28,0,63.2
2025-09-09,Groundnut,Yielding,30.9,24.7,27.8,78.8,62893.0,1965.6,3.91,2.35,0,61.7
2025-09-10,Groundnut,Yielding,31.9,25.1,28.5,81.0,71872.0,1984.1,4.17,2.5,0,59.5
2025-09-11,Groundnut,Yielding,30.1,25.1,27.6,84.6,64821.0,2001.7,3.48,2.09,0,57.6
2025-09-12,Groundnut,Yielding,30.8,26.5,28.7,85.6,74127.0,2020.3,3.35,2.01,0,55.6
2025-09-13,Groundnut,Yielding,33.9,25.3,29.6,75.6,75380.0,2040.0,4.8,2.88,0,53.8
2025-09-14,Groundnut,Yielding,33.2,24.8,29.0,67.4,57078.0,2058.9,4.69,2.81,0,52.2
2025-09-15,Groundnut,Yielding,32.5,24.8,28.7,87.2,61740.0,2077.6,4.43,2.66,0,50.3
2025-09-16,Groundnut,Yielding,34.0,27.5,30.8,82.5,65520.0,2098.3,4.25,2.55,0,48.5
2025-09-17,Groundnut,Yielding,33.0,26.1,29.5,76.2,70157.0,2117.9,4.31,2.58,0,46.8
2025-09-18,Groundnut,Yielding,35.7,25.6,30.7,71.4,67129.0,2138.5,5.32,3.19,0,44.9
2025-09-19,Groundnut,Yielding,34.3,25.8,30.0,73.5,68195.0,2158.6,4.81,2.89,0,42.8
2025-09-20,Groundnut,Yielding,32.6,24.0,28.3,77.3,70225.0,2176.9,4.68,2.81,0,41.2
2025-09-21,Groundnut,Yielding,37.2,23.2,30.2,66.7,57324.0,2197.0,6.2,3.72,1,85.0
2025-09-22,Groundnut,Yielding,34.4,23.4,28.9,81.7,59772.0,2215.9,5.34,3.2,0,83.0
2025-09-23,Groundnut,Yielding,34.1,26.2,30.1,79.4,66081.0,2236.1,4.66,2.8,0,81.0
2025-09-24,Groundnut,Yielding,34.9,25.2,30.0,77.1,68060.0,2256.1,5.13,3.08,0,79.2
2025-09-25,Groundnut,Yielding,36.1,24.6,30.3,70.8,63040.0,2276.4,5.64,3.38,0,76.6
2025-09-26,Groundnut,Yielding,31.0,24.6,27.8,79.2,61665.0,2294.2,3.95,2.37,0,74.9
2025-09-27,Groundnut,Yielding,35.1,24.0,29.5,80.1,69076.0,2313.8,5.44,3.27,0,72.8
2025-09-28,Groundnut,Yielding,32.9,24.5,28.7,75.9,69895.0,2332.5,4.66,2.8,0,70.6
2025-06-01,Maize,Vegetative,35.4,24.1,29.7,80.9,63672.0,19.7,5.53,1.66,0,83.4
2025-06-02,Maize,Vegetative,33.7,26.6,30.2,71.5,63987.0,39.9,4.41,1.32,0,81.9
2025-06-03,Maize,Vegetative,34.6,24.0,29.3,74.0,68033.0,59.2,5.27,1.58,0,80.5
2025-06-04,Maize,Vegetative,32.8,25.1,29.0,70.3,57587.0,78.2,4.47,1.34,0,79.2
2025-06-05,Maize,Vegetative,35.4,25.8,30.6,71.2,62664.0,98.8,5.18,1.55,0,77.9
2025-06-06,Maize,Vegetative,33.5,26.2,29.9,77.0,64196.0,118.6,4.47,1.34,0,76.8
2025-06-07,Maize,Vegetative,34.6,25.5,30.0,70.3,70461.0,138.6,4.97,1.49,0,75.5
2025-06-08,Maize,Vegetative,32.1,25.8,28.9,75.8,68171.0,157.6,4.05,1.21,0,73.8
2025-06-09,Maize,Vegetative,35.8,25.2,30.5,72.2,69378.0,178.0,5.43,1.63,0,72.6
2025-06-10,Maize,Vegetative,31.7,25.0,28.3,83.7,58476.0,196.4,4.11,1.23,0,71.1
2025-06-11,Maize,Vegetative,33.0,24.5,28.8,76.3,52775.0,215.1,4.69,1.41,0,69.6
2025-06-12,Maize,Vegetative,36.0,23.3,29.6,64.0,69408.0,234.8,5.82,1.75,0,67.7
2025-06-13,Maize,Vegetative,35.0,24.6,29.8,75.5,64299.0,254.6,5.3,1.59,0,66.3
2025-06-14,Maize,Vegetative,34.0,27.3,30.6,83.1,58368.0,275.2,4.32,1.3,0,64.7
2025-06-15,Maize,Vegetative,32.0,25.6,28.8,76.3,60814.0,294.0,4.06,1.22,0,63.3
2025-06-16,Maize,Vegetative,35.8,25.5,30.6,71.7,73178.0,314.6,5.37,1.61,0,61.8
2025-06-17,Maize,Vegetative,37.4,24.4,30.9,63.2,67561.0,335.5,6.04,1.81,0,60.5
2025-06-18,Maize,Vegetative,31.8,24.3,28.1,78.9,64477.0,353.6,4.33,1.3,0,59.2
2025-06-19,Maize,Vegetative,31.0,24.6,27.8,83.2,58894.0,371.4,3.99,1.2,0,58.1
2025-06-20,Maize,Vegetative,33.6,24.4,29.0,70.9,71965.0,390.4,4.89,1.47,0,56.6
2025-06-21,Maize,Vegetative,35.1,27.1,31.1,71.9,60828.0,411.5,4.79,1.44,0,55.3
2025-06-22,Maize,Vegetative,34.7,25.7,30.2,65.6,67709.0,431.7,4.96,1.49,0,54.0
2025-06-23,Maize,Flowering,32.2,25.1,28.6,87.2,61905.0,450.3,4.29,5.14,0,50.8
2025-06-24,Maize,Flowering,33.5,24.5,29.0,80.3,62430.0,469.3,4.86,5.83,0,47.8
2025-06-25,Maize,Flowering,34.8,26.4,30.6,71.7,58517.0,489.9,4.86,5.83,1,85.0
2025-06-26,Maize,Flowering,34.2,24.3,29.2,72.6,63220.0,509.2,5.11,6.13,0,82.0
2025-06-27,Maize,Flowering,32.8,26.4,29.6,73.8,68439.0,528.8,4.15,4.98,0,79.5
2025-06-28,Maize,Flowering,32.8,25.1,28.9,75.5,65525.0,547.7,4.47,5.36,0,76.7
2025-06-29,Maize,Flowering,32.8,24.8,28.8,67.0,71130.0,566.5,4.56,5.47,0,73.5
2025-06-30,Maize,Flowering,33.5,25.2,29.4,72.2,53382.0,585.8,4.68,5.61,0,70.1
2025-07-01,Maize,Flowering,33.4,24.7,29.0,75.8,63419.0,604.9,4.77,5.73,0,66.9
2025-07-02,Maize,Flowering,35.4,23.6,29.5,72.0,68701.0,624.4,5.6,6.72,0,63.3
2025-07-03,Maize,Flowering,31.6,24.5,28.0,77.7,70656.0,642.4,4.22,5.06,0,60.1
2025-07-04,Maize,Flowering,35.2,23.9,29.5,69.9,61353.0,662.0,5.47,6.57,0,56.9
2025-07-05,Maize,Flowering,34.8,23.9,29.4,81.5,54342.0,681.3,5.38,6.46,0,53.8
2025-07-06,Maize,Flowering,34.5,27.4,30.9,69.1,65136.0,702.3,4.48,5.37,0,50.5
2025-07-07,Maize,Flowering,34.5,24.7,29.6,68.7,64808.0,721.9,5.13,6.16,0,47.3
2025-07-08,Maize,Flowering,34.5,22.9,28.7,71.7,63207.0,740.6,5.45,6.54,1,85.0
2025-07-09,Maize,Flowering,32.0,25.5,28.8,77.5,66705.0,759.3,4.1,4.93,0,82.5
2025-07-10,Maize,Flowering,34.1,24.8,29.4,67.5,71796.0,778.8,4.96,5.95,0,79.3
2025-07-11,Maize,Flowering,34.3,24.8,29.5,73.9,66052.0,798.3,5.04,6.04,0,76.3
2025-07-12,Maize,Flowering,33.7,24.0,28.9,73.7,70290.0,817.2,5.03,6.04,0,73.0
2025-07-13,Maize,Flowering,33.6,24.6,29.1,61.9,67425.0,836.3,4.84,5.8,0,70.0
2025-07-14,Maize,Flowering,33.0,27.0,30.0,72.9,63395.0,856.3,4.04,4.85,0,67.1
2025-07-15,Maize,Flowering,34.4,26.5,30.5,77.1,69557.0,876.8,4.67,5.6,0,64.1
2025-07-16,Maize,Flowering,33.7,24.7,29.2,80.6,60932.0,896.0,4.89,5.87,0,61.2
2025-07-17,Maize,Flowering,35.3,23.6,29.5,77.1,65870.0,915.4,5.59,6.7,0,57.8
2025-07-18,Maize,Flowering,34.1,23.7,28.9,74.3,59317.0,934.3,5.21,6.25,0,54.2
2025-07-19,Maize,Flowering,33.2,24.9,29.1,83.4,65940.0,953.4,4.65,5.59,0,51.1
2025-07-20,Maize,Flowering,32.5,25.2,28.8,79.2,66742.0,972.2,4.38,5.25,0,48.4
2025-07-21,Maize,Flowering,34.2,25.9,30.1,87.1,71453.0,992.3,4.76,5.71,0,45.2
2025-07-22,Maize,Flowering,33.7,23.9,28.8,77.0,69190.0,1011.1,5.03,6.04,1,85.0
2025-07-23,Maize,Flowering,34.7,25.5,30.1,70.4,71776.0,1031.2,5.0,6.01,0,81.8
2025-07-24,Maize,Flowering,36.1,21.7,28.9,75.0,60631.0,1050.1,6.11,7.34,0,77.7
2025-07-25,Maize,Flowering,34.3,24.8,29.5,78.8,64676.0,1069.6,5.03,6.04,0,74.2
2025-07-26,Maize,Flowering,35.2,26.3,30.7,56.8,65542.0,1090.3,5.02,6.02,0,70.6
2025-07-27,Maize,Flowering,31.9,25.1,28.5,87.4,67240.0,1108.8,4.15,4.98,0,67.5
2025-07-28,Maize,Flowering,33.7,25.5,29.6,74.0,65883.0,1128.4,4.68,5.62,0,64.8
2025-07-29,Maize,Flowering,35.5,24.3,29.9,74.3,69984.0,1148.3,5.52,6.63,0,61.4
2025-07-30,Maize,Flowering,34.0,24.8,29.4,78.6,64132.0,1167.7,4.92,5.91,0,58.1
2025-07-31,Maize,Flowering,36.4,23.4,29.9,67.5,56423.0,1187.6,5.94,7.13,0,54.3
2025-08-01,Maize,Flowering,34.7,25.1,29.9,70.6,70916.0,1207.5,5.1,6.12,0,51.2
2025-08-02,Maize,Flowering,36.4,24.0,30.2,75.8,68192.0,1227.7,5.82,6.98,0,47.3
2025-08-03,Maize,Flowering,34.4,26.7,30.5,78.6,72281.0,1248.2,4.64,5.57,1,85.0
2025-08-04,Maize,Flowering,33.4,25.3,29.4,76.9,56145.0,1267.6,4.64,5.56,0,81.8
2025-08-05,Maize,Flowering,32.0,24.2,28.1,81.6,59177.0,1285.7,4.43,5.31,0,79.2
2025-08-06,Maize,Flowering,31.7,24.7,28.2,88.6,68815.0,1303.9,4.22,5.07,0,76.2
2025-08-07,Maize,Flowering,35.3,25.0,30.1,69.4,66592.0,1324.0,5.32,6.39,0,72.9
2025-08-08,Maize,Flowering,34.2,24.8,29.5,91.2,70487.0,1343.5,5.0,6.01,0,69.9
2025-08-09,Maize,Flowering,33.1,24.0,28.5,84.0,64167.0,1362.1,4.84,5.81,0,66.8
2025-08-10,Maize,Flowering,33.5,26.8,30.1,76.0,66715.0,1382.2,4.28,5.14,0,63.9
2025-08-11,Maize,Flowering,32.7,26.5,29.6,66.9,67922.0,1401.8,4.08,4.89,0,61.3
2025-08-12,Maize,Flowering,35.3,23.8,29.5,77.3,60503.0,1421.3,5.54,6.64,0,58.0
2025-08-13,Maize,Flowering,33.2,24.0,28.6,77.4,70577.0,1439.9,4.85,5.82,0,55.0
2025-08-14,Maize,Flowering,33.9,25.1,29.5,70.3,67998.0,1459.4,4.84,5.81,0,51.8
2025-08-15,Maize,Flowering,32.1,24.8,28.5,79.8,64440.0,1477.8,4.32,5.18,0,48.6
2025-08-16,Maize,Flowering,33.2,25.1,29.1,80.9,65884.0,1497.0,4.62,5.55,0,45.4
2025-08-17,Maize,Yielding,35.4,24.2,29.8,82.1,65284.0,1516.8,5.49,2.74,1,85.0
2025-08-18,Maize,Yielding,32.7,24.2,28.5,79.3,66484.0,1535.3,4.64,2.32,0,83.2
2025-08-19,Maize,Yielding,31.8,25.7,28.7,71.8,61944.0,1554.0,3.97,1.99,0,81.6
2025-08-20,Maize,Yielding,36.2,24.5,30.4,65.7,69506.0,1574.4,5.68,2.84,0,79.8
2025-08-21,Maize,Yielding,32.1,25.9,29.0,73.5,66081.0,1593.4,4.02,2.01,0,77.8
2025-08-22,Maize,Yielding,35.5,25.3,30.4,69.2,61791.0,1613.8,5.3,2.65,0,76.2
2025-08-23,Maize,Yielding,33.2,25.2,29.2,75.4,68879.0,1632.9,4.58,2.29,0,74.1
2025-08-24,Maize,Yielding,34.7,24.6,29.6,77.1,64508.0,1652.5,5.2,2.6,0,72.0
2025-08-25,Maize,Yielding,33.9,24.1,29.0,67.2,68623.0,1671.5,5.07,2.54,0,70.0
2025-08-26,Maize,Yielding,34.2,24.8,29.5,71.6,73584.0,1691.0,5.01,2.51,0,68.2
2025-08-27,Maize,Yielding,32.5,23.9,28.2,77.0,78115.0,1709.2,4.66,2.33,0,66.4
2025-08-28,Maize,Yielding,33.6,25.6,29.6,75.6,69827.0,1728.8,4.64,2.32,0,64.4
2025-08-29,Maize,Yielding,30.6,24.3,27.5,85.2,66716.0,1746.3,3.92,1.96,0,62.5
2025-08-30,Maize,Yielding,34.0,24.7,29.4,73.0,58717.0,1765.6,4.96,2.48,0,60.4
2025-08-31,Maize,Yielding,34.8,24.5,29.6,73.3,68687.0,1785.3,5.23,2.62,0,58.7
2025-09-01,Maize,Yielding,34.6,24.9,29.8,73.3,67158.0,1805.0,5.1,2.55,0,57.2
2025-09-02,Maize,Yielding,32.4,23.8,28.1,77.3,68365.0,1823.1,4.66,2.33,0,55.3
2025-09-03,Maize,Yielding,34.7,25.0,29.9,67.3,58221.0,1843.0,5.13,2.56,0,53.3
2025-09-04,Maize,Yielding,35.4,25.8,30.6,70.3,66034.0,1863.6,5.18,2.59,0,51.4
2025-09-05,Maize,Yielding,32.5,24.7,28.6,79.9,66037.0,1882.2,4.47,2.23,0,49.5
2025-09-06,Maize,Yielding,33.0,26.9,29.9,81.6,58472.0,1902.1,4.09,2.04,0,47.8
2025-09-07,Maize,Yielding,34.4,26.9,30.6,81.3,67166.0,1922.8,4.59,2.3,0,46.1
2025-09-08,Maize,Yielding,34.5,24.6,29.6,61.7,65080.0,1942.3,5.13,2.56,1,85.0
2025-09-09,Maize,Yielding,34.0,25.7,29.9,69.8,64401.0,1962.2,4.75,2.37,0,83.2
2025-09-10,Maize,Yielding,34.7,25.5,30.1,65.5,63848.0,1982.3,4.99,2.5,0,81.5
2025-09-11,Maize,Yielding,35.2,25.1,30.2,73.1,62493.0,2002.5,5.25,2.63,0,79.3
2025-09-12,Maize,Yielding,34.7,25.3,30.0,84.7,60402.0,2022.5,5.06,2.53,0,77.4
2025-09-13,Maize,Yielding,33.3,24.8,29.0,74.2,60272.0,2041.5,4.71,2.36,0,75.4
2025-09-14,Maize,Yielding,33.0,23.3,28.1,82.6,56075.0,2059.6,4.93,2.46,0,73.7
2025-09-15,Maize,Yielding,37.4,24.4,30.9,70.4,69141.0,2080.6,6.05,3.03,0,71.9
2025-09-16,Maize,Yielding,33.3,25.9,29.6,72.4,63834.0,2100.2,4.45,2.22,0,70.6
2025-09-17,Maize,Yielding,34.0,25.1,29.5,75.3,62731.0,2119.7,4.86,2.43,0,68.9
2025-09-18,Maize,Yielding,31.5,26.9,29.2,81.0,76905.0,2138.9,3.47,1.73,0,67.7
